school_id,school_name,district,block,total_enrolled_students,school_type,medium,school_id_raw,school_id_clean,school_id_changed_flag,district_raw,district_clean,block_raw,block_clean
SCH0001,Govt. Primary School Nadkarni,Amritsar,Amritsar-I,419,Upper Primary,Hindi,SCH0001,SCH0001,False,Amritsar,Amritsar,Amritsar-I,Amritsar-I
SCH0002,Govt. Primary School Dewan,Unknown District,Tarn Taran,56,Upper Primary,Hindi,SCH0002,SCH0002,False,,Unknown District,Tarn Taran,Tarn Taran
SCH0003,Govt. Senior Secondary School Chopra,Ferozepur,Zira,269,Primary,English,SCH0003,SCH0003,False,Ferozepur,Ferozepur,Zira,Zira
SCH0004,Govt. Elementary School Kaur,Bathinda,Unknown Block,150,Secondary,English,SCH0004,SCH0004,False,Bathinda,Bathinda,,Unknown Block
SCH0005,Govt. Elementary School Bajwa,Bathinda,Unknown Block,413,Primary,English,SCH0005,SCH0005,False,Bathinda,Bathinda,,Unknown Block
SCH0006,Govt. Primary School Bahri,Moga,Moga-Ii,400,Upper Primary,Punjabi,SCH0006,SCH0006,False,moga,Moga,Moga-II,Moga-Ii
SCH0007,Govt. Middle School Kale,Ferozepur,Makhu,272,Secondary,English,SCH0007,SCH0007,False,Ferozepur,Ferozepur,Makhu,Makhu
SCH0008,Govt. Middle School Sibal,Amritsar,Amritsar-Ii,313,Upper Primary,Hindi,SCH0008,SCH0008,False,Amritsar,Amritsar,Amritsar-II,Amritsar-Ii
SCH0009,Govt. Middle School Bakshi,Patiala,Samana,433,Upper Primary,Punjabi,SCH0009,SCH0009,False,Patiala,Patiala,Samana,Samana
SCH0010,Govt. Elementary School Mani,Patiala,Samana,148,Higher Secondary,Hindi,SCH0010,SCH0010,False,Patiala,Patiala,Samana,Samana
SCH0011,Govt. Senior Secondary School Munshi,Patiala,Samana,422,Higher Secondary,Punjabi,SCH0011,SCH0011,False,Patiala,Patiala,Samana,Samana
SCH0012,Govt. Elementary School Mand,Ludhiana,Ludhiana-I,118,Higher Secondary,Punjabi,SCH0012,SCH0012,False,Ludhiana,Ludhiana,Ludhiana-I,Ludhiana-I
SCH0013,Govt. Middle School Contractor,Bathinda,Bathinda,388,Secondary,Punjabi,SCH0013,SCH0013,False,Bathinda,Bathinda,Bathinda,Bathinda
SCH0014,Govt. Senior Secondary School Soman,Jalandhar,Phillaur,41,Secondary,Punjabi,SCH0014,SCH0014,False,Jalandhar,Jalandhar,Phillaur,Phillaur
SCH0015,Govt. Primary School Brahmbhatt,Bathinda,Maur,118,Upper Primary,Punjabi,SCH0015,SCH0015,False,Bathinda,Bathinda,Maur,Maur
SCH0016,Govt. Senior Secondary School Varughese,Ludhiana,Ludhiana-I,225,Secondary,Punjabi,SCH0016,SCH0016,False,Ludhiana,Ludhiana,Ludhiana-I,Ludhiana-I
SCH0017,Govt. Elementary School Pandit,Amritsar,Tarn Taran,75,Upper Primary,Hindi,SCH0017,SCH0017,False,Amritsar,Amritsar,Tarn Taran,Tarn Taran
SCH0018,Govt. Elementary School Palla,Bathinda,Talwandi Sabo,148,Upper Primary,English,SCH0018,SCH0018,False,Bathinda,Bathinda,Talwandi Sabo,Talwandi Sabo
SCH0019,Govt. Senior Secondary School Venkatesh,Sangrur,Dhuri,101,Primary,Punjabi,SCH0019,SCH0019,False,Sangrur,Sangrur,Dhuri,Dhuri
SCH0020,Govt. Primary School Soman,Amritsar,Amritsar-I,157,Primary,English,SCH0020,SCH0020,False,amritsar,Amritsar,Amritsar-I,Amritsar-I
SCH0021,Govt. Elementary School Sami,Sangrur,Sunam,316,Higher Secondary,Hindi,SCH0021,SCH0021,False,Sangrur,Sangrur,Sunam,Sunam
SCH0022,Govt. Primary School Aggarwal,Amritsar,Amritsar-I,377,Higher Secondary,Punjabi,SCH0022,SCH0022,False,Amritsar,Amritsar,Amritsar-I,Amritsar-I
SCH0023,Govt. Senior Secondary School Bumb,Ludhiana,Machhiwara,412,Primary,Hindi,SCH0023,SCH0023,False,Ludhiana,Ludhiana,Machhiwara,Machhiwara
SCH0024,Govt. Primary School Bhandari,Ferozepur,Unknown Block,182,Primary,Hindi,SCH0024,SCH0024,False,Ferozepur,Ferozepur,,Unknown Block
SCH0025,Govt. Elementary School Tella,Ludhiana,Ludhiana-I,425,Upper Primary,Punjabi,SCH0025,SCH0025,False,Ludhiana,Ludhiana,Ludhiana-I,Ludhiana-I
SCH0026,Govt. Elementary School Narayan,Unknown District,Ludhiana-Ii,234,Higher Secondary,Hindi,SCH0026,SCH0026,False,,Unknown District,Ludhiana-II,Ludhiana-Ii
SCH0027,Govt. Primary School Lal,Sangrur,Sunam,137,Primary,Punjabi,SCH0027,SCH0027,False,Sangrur,Sangrur,Sunam,Sunam
SCH0028,Govt. Primary School Sengupta,Ludhiana,Machhiwara,297,Upper Primary,Punjabi,SCH0028,SCH0028,False,Ludhiana,Ludhiana,Machhiwara,Machhiwara
SCH0029,Govt. Primary School Lad,Amritsar,Amritsar-Ii,246,Upper Primary,Punjabi,SCH0029,SCH0029,False,Amritsar,Amritsar,Amritsar-II,Amritsar-Ii
SCH0030,Govt. Elementary School Kar,Moga,Bagha Purana,144,Secondary,English,SCH0030,SCH0030,False,Moga,Moga,Bagha Purana,Bagha Purana
SCH0031,Govt. Primary School Mohanty,Sangrur,Unknown Block,424,Primary,Hindi,SCH0031,SCH0031,False,Sangrur,Sangrur,,Unknown Block
SCH0032,Govt. Senior Secondary School Narang,Bathinda,Maur,218,Upper Primary,Hindi,SCH0032,SCH0032,False,Bathinda,Bathinda,Maur,Maur
SCH0033,Govt. Primary School Shroff,Bathinda,Bathinda,381,Secondary,Hindi,SCH0033,SCH0033,False,Bathinda,Bathinda,Bathinda,Bathinda
SCH0034,Govt. Senior Secondary School Kumar,Bathinda,Bathinda,94,Upper Primary,Hindi,SCH0034,SCH0034,False,Bathinda,Bathinda,Bathinda,Bathinda
SCH0035,Govt. Elementary School Setty,Bathinda,Talwandi Sabo,168,Primary,Punjabi,SCH0035,SCH0035,False,Bathinda,Bathinda,Talwandi Sabo,Talwandi Sabo
SCH0036,Govt. Elementary School Solanki,Ludhiana,Doraha,434,Secondary,Punjabi,SCH0036,SCH0036,False,Ludhiana,Ludhiana,Doraha,Doraha
SCH0037,Govt. Middle School More,Ludhiana,Ludhiana-I,78,Upper Primary,Hindi,SCH0037,SCH0037,False,Ludhiana,Ludhiana,Ludhiana-I,Ludhiana-I
SCH0038,Govt. Senior Secondary School Mandal,Ferozepur,Zira,61,Primary,Punjabi,SCH0038,SCH0038,False,Ferozepur,Ferozepur,Zira,Zira
SCH0039,Govt. Senior Secondary School Baral,Moga,Nihal Singh Wala,357,Upper Primary,Punjabi,SCH0039,SCH0039,False,Moga,Moga,Nihal Singh Wala,Nihal Singh Wala
SCH0040,Govt. Primary School Gole,Jalandhar,Nakodar,440,Upper Primary,Punjabi,SCH0040,SCH0040,False,Jalandhar,Jalandhar,Nakodar,Nakodar
SCH0041,Govt. Senior Secondary School Kuruvilla,Sangrur,Sunam,142,Higher Secondary,Hindi,SCH0041,SCH0041,False,Sangrur,Sangrur,Sunam,Sunam
SCH0042,Govt. Elementary School Bhatnagar,Ferozepur,Makhu,182,Secondary,Hindi,SCH0042,SCH0042,False,Ferozepur,Ferozepur,Makhu,Makhu
SCH0043,Govt. Middle School Sachar,Moga,Unknown Block,99,Secondary,Hindi,SCH0043,SCH0043,False,Moga,Moga,,Unknown Block
SCH0044,Govt. Primary School Rajagopalan,Ferozepur,Makhu,413,Higher Secondary,Hindi,SCH0044,SCH0044,False,Ferozepur,Ferozepur,Makhu,Makhu
SCH0045,Govt. Senior Secondary School Divan,Patiala,Samana,62,Primary,Punjabi,SCH0045,SCH0045,False,Patiala,Patiala,Samana,Samana
SCH0046,Govt. Elementary School Mody,Moga,Bagha Purana,379,Secondary,English,SCH0046,SCH0046,False,Moga,Moga,Bagha Purana,Bagha Purana
SCH0047,Govt. Senior Secondary School Karpe,Jalandhar,Jalandhar-Ii,255,Higher Secondary,English,SCH0047,SCH0047,False,Jalandhar,Jalandhar,Jalandhar-II,Jalandhar-Ii
SCH0048,Govt. Middle School Chana,Ferozepur,Ferozepur,195,Higher Secondary,Punjabi,SCH0048,SCH0048,False,Ferozepur,Ferozepur,Ferozepur,Ferozepur
SCH0049,Govt. Middle School Purohit,Patiala,Rajpura,446,Upper Primary,Hindi,SCH0049,SCH0049,False,Patiala,Patiala,Rajpura,Rajpura
SCH0050,Govt. Senior Secondary School Tank,Moga,Moga-I,424,Secondary,Punjabi,SCH0050,SCH0050,False,Moga,Moga,Moga-I,Moga-I
SCH0051,Govt. Senior Secondary School Sarkar,Patiala,Rajpura,352,Primary,Punjabi,SCH0051,SCH0051,False,Patiala,Patiala,Rajpura,Rajpura
SCH0052,Govt. Primary School Kannan,Sangrur,Dhuri,164,Primary,Hindi,SCH0052,SCH0052,False,Sangrur,Sangrur,Dhuri,Dhuri
SCH0053,Govt. Elementary School Tailor,Jalandhar,Phillaur,65,Primary,Hindi,SCH0053,SCH0053,False,Jalandhar,Jalandhar,Phillaur,Phillaur
SCH0054,Govt. Elementary School Bajwa,Moga,Nihal Singh Wala,353,Higher Secondary,Punjabi,SCH0054,SCH0054,False,Moga,Moga,Nihal Singh Wala,Nihal Singh Wala
SCH0055,Govt. Elementary School Sem,Sangrur,Malerkotla,424,Secondary,English,SCH0055,SCH0055,False,Sangrur,Sangrur,Malerkotla,Malerkotla
SCH0056,Govt. Primary School Nagar,Sangrur,Sangrur,405,Secondary,Hindi,SCH0056,SCH0056,False,Sangrur,Sangrur,Sangrur,Sangrur
SCH0057,Govt. Elementary School Wagle,Ferozepur,Zira,401,Higher Secondary,Hindi,SCH0057,SCH0057,False,Ferozepur,Ferozepur,Zira,Zira
SCH0058,Govt. Elementary School Savant,Ferozepur,Mamdot,434,Primary,English,SCH0058,SCH0058,False,Ferozepur,Ferozepur,Mamdot,Mamdot
SCH0059,Govt. Middle School Barman,Bathinda,Talwandi Sabo,254,Upper Primary,Punjabi,SCH0059,SCH0059,False,Bathinda,Bathinda,Talwandi Sabo,Talwandi Sabo
SCH0060,Govt. Elementary School Srinivas,Ferozepur,Makhu,382,Higher Secondary,Hindi,SCH0060,SCH0060,False,Ferozepur,Ferozepur,Makhu,Makhu
SCH0061,Govt. Elementary School Dhawan,Ludhiana,Machhiwara,343,Primary,Punjabi,SCH0061,SCH0061,False,Ludhiana,Ludhiana,Machhiwara,Machhiwara
SCH0062,Govt. Middle School Pradhan,Jalandhar,Jalandhar-I,173,Upper Primary,Punjabi,SCH0062,SCH0062,False,Jalandhar,Jalandhar,Jalandhar-I,Jalandhar-I
SCH0063,Govt. Primary School Singhal,Bathinda,Talwandi Sabo,169,Higher Secondary,English,SCH0063,SCH0063,False,Bathinda,Bathinda,Talwandi Sabo,Talwandi Sabo
SCH0064,Govt. Senior Secondary School Nayar,Patiala,Patiala,439,Primary,Punjabi,SCH0064,SCH0064,False,Patiala,Patiala,Patiala,Patiala
SCH0065,Govt. Senior Secondary School Palla,Jalandhar,Jalandhar-Ii,104,Primary,English,SCH0065,SCH0065,False,Jalandhar,Jalandhar,Jalandhar-II,Jalandhar-Ii
SCH0066,Govt. Senior Secondary School Devan,Moga,Moga-Ii,350,Primary,Punjabi,SCH0066,SCH0066,False,Moga,Moga,Moga-II,Moga-Ii
SCH0067,Govt. Senior Secondary School Dewan,Ludhiana,Unknown Block,334,Higher Secondary,Hindi,SCH0067,SCH0067,False,Ludhiana,Ludhiana,,Unknown Block
SCH0068,Govt. Primary School Mangat,Amritsar,Ajnala,390,Primary,Punjabi,SCH0068,SCH0068,False,Amritsar,Amritsar,Ajnala,Ajnala
SCH0069,Govt. Elementary School Mital,Moga,Moga-I,299,Primary,English,SCH0069,SCH0069,False,Moga,Moga,Moga-I,Moga-I
SCH0070,Govt. Elementary School Nair,Sangrur,Sunam,262,Secondary,Hindi,SCH0070,SCH0070,False,Sangrur,Sangrur,Sunam,Sunam
SCH0071,Govt. Elementary School Comar,Bathinda,Rampura Phul,165,Primary,Punjabi,SCH0071,SCH0071,False,Bathinda,Bathinda,Rampura Phul,Rampura Phul
SCH0072,Govt. Senior Secondary School Sengupta,Ferozepur,Makhu,54,Secondary,English,SCH0072,SCH0072,False,Ferozepur,Ferozepur,Makhu,Makhu
SCH0073,Govt. Senior Secondary School Shah,Moga,Unknown Block,345,Secondary,Punjabi,SCH0073,SCH0073,False,Moga,Moga,,Unknown Block
SCH0074,Govt. Primary School Parmer,Sangrur,Unknown Block,393,Higher Secondary,Hindi,SCH0074,SCH0074,False,Sangrur,Sangrur,,Unknown Block
SCH0075,Govt. Middle School Mody,Ferozepur,Zira,196,Secondary,Hindi,SCH0075,SCH0075,False,Ferozepur,Ferozepur,Zira,Zira
SCH0076,Govt. Primary School Oommen,Moga,Bagha Purana,399,Secondary,English,SCH0076,SCH0076,False,Moga,Moga,Bagha Purana,Bagha Purana
SCH0077,Govt. Middle School Buch,Amritsar,Amritsar-Ii,138,Higher Secondary,Hindi,SCH0077,SCH0077,False,Amritsar,Amritsar,Amritsar-II,Amritsar-Ii
SCH0078,Govt. Senior Secondary School Bhavsar,Bathinda,Maur,224,Primary,Punjabi,SCH0078,SCH0078,False,Bathinda,Bathinda,Maur,Maur
SCH0079,Govt. Primary School Dash,Bathinda,Maur,366,Higher Secondary,Punjabi,SCH0079,SCH0079,False,Bathinda,Bathinda,Maur,Maur
SCH0080,Govt. Elementary School Roy,Sangrur,Dhuri,214,Primary,Punjabi,SCH0080,SCH0080,False,Sangrur,Sangrur,Dhuri,Dhuri
SCH0081,Govt. Middle School Batta,Ferozepur,Unknown Block,77,Primary,Hindi,SCH0081,SCH0081,False,Ferozepur,Ferozepur,,Unknown Block
SCH0082,Govt. Elementary School Mistry,Amritsar,Tarn Taran,350,Upper Primary,Punjabi,SCH0082,SCH0082,False,Amritsar,Amritsar,Tarn Taran,Tarn Taran
SCH0083,Govt. Primary School Dutta,Bathinda,Talwandi Sabo,196,Primary,Hindi,SCH0083,SCH0083,False,Bathinda,Bathinda,Talwandi Sabo,Talwandi Sabo
SCH0084,Govt. Primary School Wali,Patiala,Samana,378,Upper Primary,Punjabi,SCH0084,SCH0084,False,patiala,Patiala,Samana,Samana
SCH0085,Govt. Elementary School Bandi,Unknown District,Unknown Block,189,Secondary,Hindi,SCH0085,SCH0085,False,,Unknown District,,Unknown Block
SCH0086,Govt. Middle School Tata,Bathinda,Maur,257,Upper Primary,Punjabi,SCH0086,SCH0086,False,Bathinda,Bathinda,Maur,Maur
SCH0087,Govt. Elementary School Grewal,Ludhiana,Ludhiana-Ii,445,Secondary,Punjabi,SCH0087,SCH0087,False,Ludhiana,Ludhiana,Ludhiana-II,Ludhiana-Ii
SCH0088,Govt. Middle School Golla,Bathinda,Talwandi Sabo,264,Primary,Punjabi,SCH0088,SCH0088,False,bathinda,Bathinda,Talwandi Sabo,Talwandi Sabo
SCH0089,Govt. Middle School Krishnamurthy,Amritsar,Amritsar-Ii,385,Primary,Hindi,SCH0089,SCH0089,False,Amritsar,Amritsar,Amritsar-II,Amritsar-Ii
SCH0090,Govt. Elementary School Pingle,Sangrur,Dhuri,182,Higher Secondary,Punjabi,SCH0090,SCH0090,False,Sangrur,Sangrur,Dhuri,Dhuri
SCH0091,Govt. Middle School Soman,Moga,Nihal Singh Wala,210,Primary,Punjabi,SCH0091,SCH0091,False,Moga,Moga,Nihal Singh Wala,Nihal Singh Wala
SCH0092,Govt. Middle School Bawa,Bathinda,Talwandi Sabo,429,Higher Secondary,Punjabi,SCH0092,SCH0092,False,Bathinda,Bathinda,Talwandi Sabo,Talwandi Sabo
SCH0093,Govt. Elementary School Bora,Ludhiana,Machhiwara,251,Secondary,Punjabi,SCH0093,SCH0093,False,ludhiana,Ludhiana,Machhiwara,Machhiwara
SCH0094,Govt. Elementary School Pingle,Patiala,Samana,321,Secondary,Hindi,SCH0094,SCH0094,False,Patiala,Patiala,Samana,Samana
SCH0095,Govt. Primary School Kanda,Patiala,Nabha,199,Higher Secondary,Punjabi,SCH0095,SCH0095,False,Patiala,Patiala,Nabha,Nabha
SCH0096,Govt. Elementary School Walia,Jalandhar,Phillaur,406,Secondary,Hindi,SCH0096,SCH0096,False,Jalandhar,Jalandhar,Phillaur,Phillaur
SCH0097,Govt. Middle School Prakash,Sangrur,Sunam,236,Upper Primary,Punjabi,SCH0097,SCH0097,False,Sangrur,Sangrur,Sunam,Sunam
SCH0098,Govt. Elementary School Soman,Moga,Bagha Purana,41,Secondary,Punjabi,SCH0098,SCH0098,False,Moga,Moga,Bagha Purana,Bagha Purana
SCH0099,Govt. Middle School Korpal,Sangrur,Malerkotla,210,Higher Secondary,Hindi,SCH0099,SCH0099,False,Sangrur,Sangrur,Malerkotla,Malerkotla
SCH0100,Govt. Elementary School Sandal,Ferozepur,Zira,437,Secondary,Hindi,SCH0100,SCH0100,False,Ferozepur,Ferozepur,Zira,Zira
SCH0101,Govt. Elementary School Saxena,Sangrur,Unknown Block,104,Secondary,Punjabi,SCH0101,SCH0101,False,Sangrur,Sangrur,,Unknown Block
SCH0102,Govt. Middle School Kakar,Ludhiana,Ludhiana-Ii,249,Upper Primary,Punjabi,SCH0102,SCH0102,False,Ludhiana,Ludhiana,Ludhiana-II,Ludhiana-Ii
SCH0103,Govt. Elementary School Parsa,Amritsar,Ajnala,385,Higher Secondary,Punjabi,SCH0103,SCH0103,False,Amritsar,Amritsar,Ajnala,Ajnala
SCH0104,Govt. Primary School Chacko,Amritsar,Amritsar-Ii,363,Secondary,Punjabi,SCH0104,SCH0104,False,Amritsar,Amritsar,Amritsar-II,Amritsar-Ii
SCH0105,Govt. Primary School Desai,Amritsar,Tarn Taran,125,Primary,English,SCH0105,SCH0105,False,Amritsar,Amritsar,Tarn Taran,Tarn Taran
SCH0106,Govt. Primary School Shanker,Ferozepur,Zira,165,Upper Primary,Punjabi,SCH0106,SCH0106,False,Ferozepur,Ferozepur,Zira,Zira
SCH0107,Govt. Elementary School Krishna,Patiala,Rajpura,338,Higher Secondary,Punjabi,SCH0107,SCH0107,False,Patiala,Patiala,Rajpura,Rajpura
SCH0108,Govt. Middle School Warrior,Sangrur,Malerkotla,386,Primary,English,SCH0108,SCH0108,False,Sangrur,Sangrur,Malerkotla,Malerkotla
SCH0109,Govt. Elementary School Pradhan,Ferozepur,Makhu,273,Upper Primary,Punjabi,SCH0109,SCH0109,False,Ferozepur,Ferozepur,Makhu,Makhu
SCH0110,Govt. Primary School Goswami,Moga,Bagha Purana,398,Higher Secondary,Punjabi,SCH0110,SCH0110,False,Moga,Moga,Bagha Purana,Bagha Purana
SCH0111,Govt. Middle School Butala,Bathinda,Maur,350,Upper Primary,Hindi,SCH0111,SCH0111,False,Bathinda,Bathinda,Maur,Maur
SCH0112,Govt. Senior Secondary School Bhagat,Amritsar,Unknown Block,198,Primary,English,SCH0112,SCH0112,False,Amritsar,Amritsar,,Unknown Block
SCH0113,Govt. Middle School Subramaniam,Moga,Nihal Singh Wala,129,Secondary,English,SCH0113,SCH0113,False,Moga,Moga,Nihal Singh Wala,Nihal Singh Wala
SCH0114,Govt. Primary School Randhawa,Sangrur,Malerkotla,422,Primary,Hindi,SCH0114,SCH0114,False,Sangrur,Sangrur,Malerkotla,Malerkotla
SCH0115,Govt. Primary School Sachdev,Ferozepur,Makhu,86,Primary,English,SCH0115,SCH0115,False,Ferozepur,Ferozepur,Makhu,Makhu
SCH0116,Govt. Middle School Gandhi,Ferozepur,Makhu,95,Higher Secondary,Hindi,SCH0116,SCH0116,False,Ferozepur,Ferozepur,Makhu,Makhu
SCH0117,Govt. Primary School Reddy,Amritsar,Tarn Taran,398,Higher Secondary,English,SCH0117,SCH0117,False,Amritsar,Amritsar,Tarn Taran,Tarn Taran
SCH0118,Govt. Middle School Hari,Sangrur,Sangrur,89,Upper Primary,Hindi,SCH0118,SCH0118,False,Sangrur,Sangrur,Sangrur,Sangrur
SCH0119,Govt. Middle School Sur,Ferozepur,Unknown Block,252,Higher Secondary,English,SCH0119,SCH0119,False,Ferozepur,Ferozepur,,Unknown Block
SCH0120,Govt. Middle School Sharaf,Patiala,Rajpura,267,Secondary,English,SCH0120,SCH0120,False,Patiala,Patiala,Rajpura,Rajpura
SCH0121,Govt. Elementary School Deshmukh,Ludhiana,Unknown Block,181,Primary,Hindi,SCH0121,SCH0121,False,Ludhiana,Ludhiana,,Unknown Block
SCH0122,Govt. Senior Secondary School Ahluwalia,Ludhiana,Unknown Block,442,Upper Primary,Hindi,SCH0122,SCH0122,False,Ludhiana,Ludhiana,,Unknown Block
SCH0123,Govt. Primary School Cheema,Patiala,Nabha,159,Upper Primary,Hindi,SCH0123,SCH0123,False,Patiala,Patiala,Nabha,Nabha
SCH0124,Govt. Middle School Goda,Jalandhar,Nakodar,448,Primary,Hindi,SCH0124,SCH0124,False,Jalandhar,Jalandhar,Nakodar,Nakodar
SCH0125,Govt. Primary School Srivastava,Moga,Moga-I,129,Upper Primary,Punjabi,SCH0125,SCH0125,False,Moga,Moga,Moga-I,Moga-I
SCH0126,Govt. Primary School Pillay,Sangrur,Malerkotla,302,Higher Secondary,Hindi,SCH0126,SCH0126,False,Sangrur,Sangrur,Malerkotla,Malerkotla
SCH0127,Govt. Elementary School Palla,Bathinda,Talwandi Sabo,369,Primary,Punjabi,SCH0127,SCH0127,False,Bathinda,Bathinda,Talwandi Sabo,Talwandi Sabo
SCH0128,Govt. Primary School Walla,Sangrur,Dhuri,77,Secondary,Hindi,SCH0128,SCH0128,False,Sangrur,Sangrur,Dhuri,Dhuri
SCH0129,Govt. Elementary School Malhotra,Moga,Unknown Block,345,Higher Secondary,Punjabi,SCH0129,SCH0129,False,Moga,Moga,,Unknown Block
SCH0130,Govt. Elementary School Mall,Patiala,Rajpura,271,Higher Secondary,Punjabi,SCH0130,SCH0130,False,Patiala,Patiala,Rajpura,Rajpura
SCH0131,Govt. Elementary School Dani,Moga,Unknown Block,200,Secondary,Punjabi,SCH0131,SCH0131,False,Moga,Moga,,Unknown Block
SCH0132,Govt. Primary School Rajagopal,Amritsar,Tarn Taran,89,Secondary,Hindi,SCH0132,SCH0132,False,Amritsar,Amritsar,Tarn Taran,Tarn Taran
SCH0133,Govt. Primary School Thakur,Moga,Moga-I,250,Higher Secondary,Hindi,SCH0133,SCH0133,False,Moga,Moga,Moga-I,Moga-I
SCH0134,Govt. Elementary School Suri,Bathinda,Rampura Phul,93,Upper Primary,Punjabi,SCH0134,SCH0134,False,Bathinda,Bathinda,Rampura Phul,Rampura Phul
SCH0135,Govt. Primary School Raghavan,Moga,Bagha Purana,98,Upper Primary,English,SCH0135,SCH0135,False,Moga,Moga,Bagha Purana,Bagha Purana
SCH0136,Govt. Middle School Banerjee,Ludhiana,Unknown Block,179,Secondary,Hindi,SCH0136,SCH0136,False,Ludhiana,Ludhiana,,Unknown Block
SCH0137,Govt. Senior Secondary School Dani,Ferozepur,Ferozepur,112,Primary,Punjabi,SCH0137,SCH0137,False,Ferozepur,Ferozepur,Ferozepur,Ferozepur
SCH0138,Govt. Primary School Gandhi,Moga,Moga-Ii,229,Secondary,Hindi,SCH0138,SCH0138,False,Moga,Moga,Moga-II,Moga-Ii
SCH0139,Govt. Elementary School Lata,Jalandhar,Jalandhar-I,385,Higher Secondary,Punjabi,SCH0139,SCH0139,False,jalandhar,Jalandhar,Jalandhar-I,Jalandhar-I
SCH0140,Govt. Middle School Garg,Bathinda,Maur,426,Secondary,Hindi,SCH0140,SCH0140,False,Bathinda,Bathinda,Maur,Maur
SCH0141,Govt. Middle School Sane,Sangrur,Malerkotla,63,Primary,Hindi,SCH0141,SCH0141,False,Sangrur,Sangrur,Malerkotla,Malerkotla
SCH0142,Govt. Senior Secondary School Badami,Bathinda,Rampura Phul,207,Higher Secondary,Hindi,SCH0142,SCH0142,False,Bathinda,Bathinda,Rampura Phul,Rampura Phul
SCH0143,Govt. Elementary School Venkataraman,Patiala,Samana,76,Primary,English,SCH0143,SCH0143,False,Patiala,Patiala,Samana,Samana
SCH0144,Govt. Primary School Bakshi,Ferozepur,Mamdot,403,Secondary,Hindi,SCH0144,SCH0144,False,Ferozepur,Ferozepur,Mamdot,Mamdot
SCH0145,Govt. Elementary School Kashyap,Sangrur,Malerkotla,85,Primary,Punjabi,SCH0145,SCH0145,False,Sangrur,Sangrur,Malerkotla,Malerkotla
SCH0146,Govt. Primary School Sundaram,Bathinda,Rampura Phul,153,Upper Primary,Hindi,SCH0146,SCH0146,False,Bathinda,Bathinda,Rampura Phul,Rampura Phul
SCH0147,Govt. Senior Secondary School Das,Moga,Bagha Purana,412,Upper Primary,Hindi,SCH0147,SCH0147,False,Moga,Moga,Bagha Purana,Bagha Purana
SCH0148,Govt. Elementary School Sastry,Jalandhar,Jalandhar-I,130,Higher Secondary,Hindi,SCH0148,SCH0148,False,Jalandhar,Jalandhar,Jalandhar-I,Jalandhar-I
SCH0149,Govt. Middle School Uppal,Moga,Bagha Purana,117,Higher Secondary,Hindi,SCH0149,SCH0149,False,Moga,Moga,Bagha Purana,Bagha Purana
SCH0150,Govt. Primary School Parikh,Ludhiana,Doraha,299,Higher Secondary,English,SCH0150,SCH0150,False,ludhiana,Ludhiana,Doraha,Doraha
SCH0151,Govt. Primary School Dugar,Amritsar,Amritsar-I,354,Higher Secondary,Hindi,SCH0151,SCH0151,False,Amritsar,Amritsar,Amritsar-I,Amritsar-I
SCH0152,Govt. Elementary School Dass,Patiala,Samana,349,Upper Primary,English,SCH0152,SCH0152,False,Patiala,Patiala,Samana,Samana
SCH0153,Govt. Senior Secondary School Vohra,Amritsar,Amritsar-Ii,60,Higher Secondary,English,SCH0153,SCH0153,False,Amritsar,Amritsar,Amritsar-II,Amritsar-Ii
SCH0154,Govt. Middle School Chakraborty,Ferozepur,Unknown Block,436,Primary,Punjabi,SCH0154,SCH0154,False,Ferozepur,Ferozepur,,Unknown Block
SCH0155,Govt. Senior Secondary School Chander,Ferozepur,Makhu,169,Upper Primary,English,SCH0155,SCH0155,False,Ferozepur,Ferozepur,Makhu,Makhu
SCH0156,Govt. Elementary School Barad,Ferozepur,Zira,344,Primary,English,SCH0156,SCH0156,False,Ferozepur,Ferozepur,Zira,Zira
SCH0157,Govt. Middle School Keer,Jalandhar,Jalandhar-I,370,Secondary,Hindi,SCH0157,SCH0157,False,Jalandhar,Jalandhar,Jalandhar-I,Jalandhar-I
SCH0158,Govt. Middle School Tella,Moga,Nihal Singh Wala,138,Upper Primary,Punjabi,SCH0158,SCH0158,False,Moga,Moga,Nihal Singh Wala,Nihal Singh Wala
SCH0159,Govt. Senior Secondary School Gade,Ludhiana,Doraha,432,Higher Secondary,Hindi,SCH0159,SCH0159,False,Ludhiana,Ludhiana,Doraha,Doraha
SCH0160,Govt. Middle School Munshi,Jalandhar,Phillaur,62,Upper Primary,Punjabi,SCH0160,SCH0160,False,Jalandhar,Jalandhar,Phillaur,Phillaur
SCH0161,Govt. Senior Secondary School Mand,Patiala,Nabha,198,Higher Secondary,Hindi,SCH0161,SCH0161,False,Patiala,Patiala,Nabha,Nabha
SCH0162,Govt. Elementary School Deshpande,Sangrur,Dhuri,433,Higher Secondary,Hindi,SCH0162,SCH0162,False,Sangrur,Sangrur,Dhuri,Dhuri
SCH0163,Govt. Primary School Ratta,Jalandhar,Nakodar,66,Secondary,Hindi,SCH0163,SCH0163,False,Jalandhar,Jalandhar,Nakodar,Nakodar
SCH0164,Govt. Senior Secondary School Barad,Amritsar,Ajnala,82,Secondary,Punjabi,SCH0164,SCH0164,False,Amritsar,Amritsar,Ajnala,Ajnala
SCH0165,Govt. Middle School Mallick,Patiala,Rajpura,218,Higher Secondary,Punjabi,SCH0165,SCH0165,False,Patiala,Patiala,Rajpura,Rajpura
SCH0166,Govt. Middle School Devi,Moga,Moga-Ii,54,Primary,Hindi,SCH0166,SCH0166,False,Moga,Moga,Moga-II,Moga-Ii
SCH0167,Govt. Elementary School Pall,Ludhiana,Doraha,281,Upper Primary,Punjabi,SCH0167,SCH0167,False,Ludhiana,Ludhiana,Doraha,Doraha
SCH0168,Govt. Elementary School Narayan,Amritsar,Amritsar-I,171,Upper Primary,English,SCH0168,SCH0168,False,Amritsar,Amritsar,Amritsar-I,Amritsar-I
SCH0169,Govt. Elementary School Walia,Unknown District,Unknown Block,102,Higher Secondary,Punjabi,SCH0169,SCH0169,False,,Unknown District,,Unknown Block
SCH0170,Govt. Middle School Mallick,Ludhiana,Ludhiana-Ii,407,Higher Secondary,Punjabi,SCH0170,SCH0170,False,Ludhiana,Ludhiana,Ludhiana-II,Ludhiana-Ii
SCH0171,Govt. Primary School Dasgupta,Jalandhar,Jalandhar-I,308,Primary,Punjabi,SCH0171,SCH0171,False,Jalandhar,Jalandhar,Jalandhar-I,Jalandhar-I
SCH0172,Govt. Primary School Konda,Ludhiana,Machhiwara,231,Primary,Punjabi,SCH0172,SCH0172,False,Ludhiana,Ludhiana,Machhiwara,Machhiwara
SCH0173,Govt. Senior Secondary School Johal,Moga,Moga-Ii,62,Secondary,Punjabi,SCH0173,SCH0173,False,Moga,Moga,Moga-II,Moga-Ii
SCH0174,Govt. Senior Secondary School Lanka,Sangrur,Unknown Block,109,Higher Secondary,Hindi,SCH0174,SCH0174,False,sangrur,Sangrur,,Unknown Block
SCH0175,Govt. Senior Secondary School Naik,Ludhiana,Doraha,198,Higher Secondary,Punjabi,SCH0175,SCH0175,False,Ludhiana,Ludhiana,Doraha,Doraha
SCH0176,Govt. Elementary School Barad,Moga,Bagha Purana,103,Higher Secondary,Punjabi,SCH0176,SCH0176,False,Moga,Moga,Bagha Purana,Bagha Purana
SCH0177,Govt. Middle School Manne,Moga,Moga-Ii,294,Secondary,Punjabi,SCH0177,SCH0177,False,Moga,Moga,Moga-II,Moga-Ii
SCH0178,Govt. Middle School Dyal,Amritsar,Tarn Taran,348,Upper Primary,English,SCH0178,SCH0178,False,Amritsar,Amritsar,Tarn Taran,Tarn Taran
SCH0179,Govt. Elementary School Raman,Bathinda,Rampura Phul,268,Higher Secondary,Punjabi,SCH0179,SCH0179,False,Bathinda,Bathinda,Rampura Phul,Rampura Phul
SCH0180,Govt. Elementary School Sha,Moga,Nihal Singh Wala,180,Primary,Hindi,SCH0180,SCH0180,False,Moga,Moga,Nihal Singh Wala,Nihal Singh Wala
SCH0181,Govt. Primary School Lala,Ludhiana,Ludhiana-Ii,351,Higher Secondary,English,SCH0181,SCH0181,False,Ludhiana,Ludhiana,Ludhiana-II,Ludhiana-Ii
SCH0182,Govt. Middle School Hari,Unknown District,Nihal Singh Wala,330,Upper Primary,Punjabi,SCH0182,SCH0182,False,,Unknown District,Nihal Singh Wala,Nihal Singh Wala
SCH0183,Govt. Primary School Narain,Jalandhar,Unknown Block,243,Secondary,Hindi,SCH0183,SCH0183,False,Jalandhar,Jalandhar,,Unknown Block
SCH0184,Govt. Senior Secondary School Hora,Sangrur,Dhuri,327,Secondary,English,SCH0184,SCH0184,False,Sangrur,Sangrur,Dhuri,Dhuri
SCH0185,Govt. Elementary School Tata,Sangrur,Sunam,102,Primary,English,SCH0185,SCH0185,False,Sangrur,Sangrur,Sunam,Sunam
SCH0186,Govt. Senior Secondary School Pillay,Moga,Moga-I,321,Secondary,Hindi,SCH0186,SCH0186,False,Moga,Moga,Moga-I,Moga-I
SCH0187,Govt. Primary School Chaudhari,Patiala,Patiala,142,Upper Primary,Hindi,SCH0187,SCH0187,False,Patiala,Patiala,Patiala,Patiala
SCH0188,Govt. Elementary School Vig,Moga,Nihal Singh Wala,322,Primary,Punjabi,SCH0188,SCH0188,False,Moga,Moga,Nihal Singh Wala,Nihal Singh Wala
SCH0189,Govt. Elementary School Mitter,Ferozepur,Mamdot,334,Secondary,Hindi,SCH0189,SCH0189,False,ferozepur,Ferozepur,Mamdot,Mamdot
SCH0190,Govt. Senior Secondary School Chadha,Moga,Moga-Ii,439,Upper Primary,Punjabi,SCH0190,SCH0190,False,Moga,Moga,Moga-II,Moga-Ii
SCH0191,Govt. Senior Secondary School Bera,Amritsar,Amritsar-Ii,195,Secondary,Hindi,SCH0191,SCH0191,False,Amritsar,Amritsar,Amritsar-II,Amritsar-Ii
SCH0192,Govt. Middle School Varty,Bathinda,Bathinda,168,Secondary,Punjabi,SCH0192,SCH0192,False,Bathinda,Bathinda,Bathinda,Bathinda
SCH0193,Govt. Primary School Parmer,Jalandhar,Jalandhar-Ii,127,Secondary,Punjabi,SCH0193,SCH0193,False,Jalandhar,Jalandhar,Jalandhar-II,Jalandhar-Ii
SCH0194,Govt. Elementary School Suresh,Amritsar,Amritsar-I,368,Secondary,Punjabi,SCH0194,SCH0194,False,Amritsar,Amritsar,Amritsar-I,Amritsar-I
SCH0195,Govt. Elementary School Dhillon,Sangrur,Malerkotla,368,Higher Secondary,Punjabi,SCH0195,SCH0195,False,Sangrur,Sangrur,Malerkotla,Malerkotla
SCH0196,Govt. Senior Secondary School Kara,Ludhiana,Ludhiana-Ii,265,Higher Secondary,English,SCH0196,SCH0196,False,Ludhiana,Ludhiana,Ludhiana-II,Ludhiana-Ii
SCH0197,Govt. Elementary School Dada,Moga,Nihal Singh Wala,106,Primary,Punjabi,SCH0197,SCH0197,False,Moga,Moga,Nihal Singh Wala,Nihal Singh Wala
SCH0198,Govt. Elementary School Sachar,Patiala,Nabha,89,Higher Secondary,Hindi,SCH0198,SCH0198,False,patiala,Patiala,Nabha,Nabha
SCH0199,Govt. Elementary School Nath,Moga,Bagha Purana,137,Higher Secondary,English,SCH0199,SCH0199,False,Moga,Moga,Bagha Purana,Bagha Purana
SCH0200,Govt. Senior Secondary School Anne,Sangrur,Sangrur,86,Higher Secondary,Punjabi,SCH0200,SCH0200,False,Sangrur,Sangrur,Sangrur,Sangrur
SCH0201,Govt. Primary School Sagar,Ludhiana,Doraha,293,Higher Secondary,Punjabi,SCH0201,SCH0201,False,Ludhiana,Ludhiana,Doraha,Doraha
SCH0202,Govt. Elementary School Karpe,Jalandhar,Unknown Block,412,Higher Secondary,Hindi,SCH0202,SCH0202,False,Jalandhar,Jalandhar,,Unknown Block
SCH0203,Govt. Middle School Grewal,Patiala,Samana,323,Higher Secondary,Hindi,SCH0203,SCH0203,False,Patiala,Patiala,Samana,Samana
SCH0204,Govt. Middle School Singhal,Amritsar,Amritsar-Ii,89,Secondary,Hindi,SCH0204,SCH0204,False,Amritsar,Amritsar,Amritsar-II,Amritsar-Ii
SCH0205,Govt. Elementary School Chander,Unknown District,Ferozepur,63,Secondary,Hindi,SCH0205,SCH0205,False,,Unknown District,Ferozepur,Ferozepur
SCH0206,Govt. Middle School Menon,Jalandhar,Nakodar,353,Higher Secondary,Hindi,SCH0206,SCH0206,False,Jalandhar,Jalandhar,Nakodar,Nakodar
SCH0207,Govt. Primary School Kaul,Sangrur,Malerkotla,283,Secondary,Hindi,SCH0207,SCH0207,False,Sangrur,Sangrur,Malerkotla,Malerkotla
SCH0208,Govt. Elementary School Rattan,Bathinda,Bathinda,345,Upper Primary,Hindi,SCH0208,SCH0208,False,Bathinda,Bathinda,Bathinda,Bathinda
SCH0209,Govt. Elementary School Mane,Ferozepur,Zira,388,Primary,Hindi,SCH0209,SCH0209,False,Ferozepur,Ferozepur,Zira,Zira
SCH0210,Govt. Primary School Barman,Ferozepur,Zira,250,Higher Secondary,Hindi,SCH0210,SCH0210,False,Ferozepur,Ferozepur,Zira,Zira
SCH0211,Govt. Senior Secondary School Edwin,Patiala,Samana,379,Higher Secondary,Hindi,SCH0211,SCH0211,False,Patiala,Patiala,Samana,Samana
SCH0212,Govt. Senior Secondary School Sachar,Moga,Bagha Purana,386,Secondary,English,SCH0212,SCH0212,False,Moga,Moga,Bagha Purana,Bagha Purana
SCH0213,Govt. Elementary School Bhatt,Bathinda,Maur,192,Upper Primary,English,SCH0213,SCH0213,False,Bathinda,Bathinda,Maur,Maur
SCH0214,Govt. Elementary School Chahal,Bathinda,Rampura Phul,102,Higher Secondary,Hindi,SCH0214,SCH0214,False,Bathinda,Bathinda,Rampura Phul,Rampura Phul
SCH0215,Govt. Elementary School Saha,Bathinda,Bathinda,187,Primary,Punjabi,SCH0215,SCH0215,False,Bathinda,Bathinda,Bathinda,Bathinda
SCH0216,Govt. Senior Secondary School Oommen,Patiala,Nabha,315,Secondary,Hindi,SCH0216,SCH0216,False,Patiala,Patiala,Nabha,Nabha
SCH0217,Govt. Primary School Apte,Patiala,Nabha,66,Secondary,Hindi,SCH0217,SCH0217,False,Patiala,Patiala,Nabha,Nabha
SCH0218,Govt. Senior Secondary School Dugar,Ludhiana,Ludhiana-Ii,248,Higher Secondary,English,SCH0218,SCH0218,False,Ludhiana,Ludhiana,Ludhiana-II,Ludhiana-Ii
SCH0219,Govt. Senior Secondary School Oommen,Moga,Bagha Purana,370,Primary,Punjabi,SCH0219,SCH0219,False,moga,Moga,Bagha Purana,Bagha Purana
SCH0220,Govt. Elementary School Mishra,Jalandhar,Phillaur,130,Primary,Hindi,SCH0220,SCH0220,False,Jalandhar,Jalandhar,Phillaur,Phillaur
SCH0221,Govt. Middle School Butala,Bathinda,Bathinda,44,Primary,Hindi,SCH0221,SCH0221,False,Bathinda,Bathinda,Bathinda,Bathinda
SCH0222,Govt. Middle School Edwin,Sangrur,Sunam,298,Upper Primary,Punjabi,SCH0222,SCH0222,False,Sangrur,Sangrur,Sunam,Sunam
SCH0223,Govt. Senior Secondary School Mallick,Bathinda,Maur,47,Secondary,Punjabi,SCH0223,SCH0223,False,Bathinda,Bathinda,Maur,Maur
SCH0224,Govt. Senior Secondary School Kunda,Ferozepur,Makhu,84,Primary,Hindi,SCH0224,SCH0224,False,Ferozepur,Ferozepur,Makhu,Makhu
SCH0225,Govt. Middle School Chaudhry,Ludhiana,Doraha,236,Secondary,Hindi,SCH0225,SCH0225,False,Ludhiana,Ludhiana,Doraha,Doraha
SCH0226,Govt. Primary School Upadhyay,Ludhiana,Doraha,374,Upper Primary,Hindi,SCH0226,SCH0226,False,Ludhiana,Ludhiana,Doraha,Doraha
SCH0227,Govt. Senior Secondary School Samra,Ferozepur,Makhu,393,Secondary,Hindi,SCH0227,SCH0227,False,Ferozepur,Ferozepur,Makhu,Makhu
SCH0228,Govt. Elementary School Sankar,Sangrur,Sunam,272,Secondary,Hindi,SCH0228,SCH0228,False,Sangrur,Sangrur,Sunam,Sunam
SCH0229,Govt. Primary School Balay,Patiala,Unknown Block,309,Secondary,Hindi,SCH0229,SCH0229,False,Patiala,Patiala,,Unknown Block
SCH0230,Govt. Senior Secondary School Badal,Patiala,Nabha,124,Higher Secondary,Punjabi,SCH0230,SCH0230,False,Patiala,Patiala,Nabha,Nabha
SCH0231,Govt. Primary School Datta,Amritsar,Tarn Taran,68,Higher Secondary,English,SCH0231,SCH0231,False,Amritsar,Amritsar,Tarn Taran,Tarn Taran
SCH0232,Govt. Primary School Choudhary,Ludhiana,Machhiwara,170,Upper Primary,Punjabi,SCH0232,SCH0232,False,Ludhiana,Ludhiana,Machhiwara,Machhiwara
SCH0233,Govt. Senior Secondary School Mutti,Unknown District,Ludhiana-I,281,Higher Secondary,Punjabi,SCH0233,SCH0233,False,,Unknown District,Ludhiana-I,Ludhiana-I
SCH0234,Govt. Senior Secondary School Tak,Moga,Nihal Singh Wala,269,Higher Secondary,English,SCH0234,SCH0234,False,Moga,Moga,Nihal Singh Wala,Nihal Singh Wala
SCH0235,Govt. Senior Secondary School Balan,Amritsar,Amritsar-Ii,315,Upper Primary,Punjabi,SCH0235,SCH0235,False,Amritsar,Amritsar,Amritsar-II,Amritsar-Ii
SCH0236,Govt. Senior Secondary School Palan,Bathinda,Talwandi Sabo,384,Higher Secondary,English,SCH0236,SCH0236,False,Bathinda,Bathinda,Talwandi Sabo,Talwandi Sabo
SCH0237,Govt. Elementary School Sood,Jalandhar,Nakodar,136,Primary,Punjabi,SCH0237,SCH0237,False,Jalandhar,Jalandhar,Nakodar,Nakodar
SCH0238,Govt. Primary School Amble,Patiala,Nabha,74,Primary,Punjabi,SCH0238,SCH0238,False,Patiala,Patiala,Nabha,Nabha
SCH0239,Govt. Middle School Butala,Ferozepur,Mamdot,159,Primary,Hindi,SCH0239,SCH0239,False,Ferozepur,Ferozepur,Mamdot,Mamdot
SCH0240,Govt. Senior Secondary School Mitter,Moga,Bagha Purana,161,Upper Primary,English,SCH0240,SCH0240,False,Moga,Moga,Bagha Purana,Bagha Purana
SCH0241,Govt. Middle School Dass,Ludhiana,Ludhiana-Ii,360,Higher Secondary,Punjabi,SCH0241,SCH0241,False,Ludhiana,Ludhiana,Ludhiana-II,Ludhiana-Ii
SCH0242,Govt. Elementary School Bhardwaj,Moga,Nihal Singh Wala,249,Higher Secondary,Hindi,SCH0242,SCH0242,False,Moga,Moga,Nihal Singh Wala,Nihal Singh Wala
SCH0243,Govt. Senior Secondary School Deep,Bathinda,Maur,277,Higher Secondary,English,SCH0243,SCH0243,False,Bathinda,Bathinda,Maur,Maur
SCH0244,Govt. Primary School Swamy,Patiala,Samana,371,Higher Secondary,Hindi,SCH0244,SCH0244,False,patiala,Patiala,Samana,Samana
SCH0245,Govt. Senior Secondary School Sarkar,Ludhiana,Doraha,233,Primary,Hindi,SCH0245,SCH0245,False,Ludhiana,Ludhiana,Doraha,Doraha
SCH0246,Govt. Primary School Chaudhari,Patiala,Rajpura,146,Secondary,Hindi,SCH0246,SCH0246,False,Patiala,Patiala,Rajpura,Rajpura
SCH0247,Govt. Senior Secondary School Barad,Amritsar,Tarn Taran,164,Upper Primary,English,SCH0247,SCH0247,False,Amritsar,Amritsar,Tarn Taran,Tarn Taran
SCH0248,Govt. Elementary School Grover,Ferozepur,Mamdot,313,Secondary,Punjabi,SCH0248,SCH0248,False,Ferozepur,Ferozepur,Mamdot,Mamdot
SCH0249,Govt. Senior Secondary School Toor,Moga,Moga-Ii,229,Primary,Punjabi,SCH0249,SCH0249,False,Moga,Moga,Moga-II,Moga-Ii
SCH0250,Govt. Senior Secondary School Lad,Bathinda,Talwandi Sabo,191,Secondary,English,SCH0250,SCH0250,False,Bathinda,Bathinda,Talwandi Sabo,Talwandi Sabo
SCH0251,Govt. Middle School Choudhry,Bathinda,Talwandi Sabo,410,Higher Secondary,Hindi,SCH0251,SCH0251,False,Bathinda,Bathinda,Talwandi Sabo,Talwandi Sabo
SCH0252,Govt. Primary School Krish,Sangrur,Sunam,317,Primary,Punjabi,SCH0252,SCH0252,False,Sangrur,Sangrur,Sunam,Sunam
SCH0253,Govt. Senior Secondary School Saha,Ludhiana,Unknown Block,110,Upper Primary,Hindi,SCH0253,SCH0253,False,Ludhiana,Ludhiana,,Unknown Block
SCH0254,Govt. Primary School Kapadia,Sangrur,Unknown Block,70,Higher Secondary,Hindi,SCH0254,SCH0254,False,Sangrur,Sangrur,,Unknown Block
SCH0255,Govt. Middle School Barman,Ferozepur,Unknown Block,48,Secondary,Punjabi,SCH0255,SCH0255,False,Ferozepur,Ferozepur,,Unknown Block
SCH0256,Govt. Middle School Chaudhry,Jalandhar,Jalandhar-I,89,Upper Primary,English,SCH0256,SCH0256,False,Jalandhar,Jalandhar,Jalandhar-I,Jalandhar-I
SCH0257,Govt. Senior Secondary School Rai,Ferozepur,Ferozepur,231,Higher Secondary,Punjabi,SCH0257,SCH0257,False,Ferozepur,Ferozepur,Ferozepur,Ferozepur
SCH0258,Govt. Primary School Kalita,Ludhiana,Ludhiana-I,247,Higher Secondary,Punjabi,SCH0258,SCH0258,False,Ludhiana,Ludhiana,Ludhiana-I,Ludhiana-I
SCH0259,Govt. Primary School Munshi,Sangrur,Dhuri,370,Primary,Hindi,SCH0259,SCH0259,False,Sangrur,Sangrur,Dhuri,Dhuri
SCH0260,Govt. Primary School Deol,Sangrur,Malerkotla,63,Secondary,English,SCH0260,SCH0260,False,Sangrur,Sangrur,Malerkotla,Malerkotla
SCH0261,Govt. Middle School Sen,Ludhiana,Ludhiana-Ii,340,Higher Secondary,Hindi,SCH0261,SCH0261,False,Ludhiana,Ludhiana,Ludhiana-II,Ludhiana-Ii
SCH0262,Govt. Primary School Mital,Ferozepur,Makhu,236,Upper Primary,English,SCH0262,SCH0262,False,Ferozepur,Ferozepur,Makhu,Makhu
SCH0263,Govt. Elementary School Oak,Ludhiana,Ludhiana-I,263,Primary,English,SCH0263,SCH0263,False,Ludhiana,Ludhiana,Ludhiana-I,Ludhiana-I
SCH0264,Govt. Elementary School Ghosh,Ludhiana,Doraha,441,Higher Secondary,Hindi,SCH0264,SCH0264,False,Ludhiana,Ludhiana,Doraha,Doraha
SCH0265,Govt. Primary School Bhat,Ferozepur,Ferozepur,435,Upper Primary,Punjabi,SCH0265,SCH0265,False,Ferozepur,Ferozepur,Ferozepur,Ferozepur
SCH0266,Govt. Middle School Hora,Jalandhar,Phillaur,202,Primary,English,SCH0266,SCH0266,False,Jalandhar,Jalandhar,Phillaur,Phillaur
SCH0267,Govt. Elementary School Basak,Amritsar,Amritsar-Ii,84,Higher Secondary,Punjabi,SCH0267,SCH0267,False,Amritsar,Amritsar,Amritsar-II,Amritsar-Ii
SCH0268,Govt. Primary School Amble,Moga,Moga-I,345,Secondary,Punjabi,SCH0268,SCH0268,False,Moga,Moga,Moga-I,Moga-I
SCH0269,Govt. Middle School Narayanan,Amritsar,Amritsar-Ii,332,Higher Secondary,Punjabi,SCH0269,SCH0269,False,Amritsar,Amritsar,Amritsar-II,Amritsar-Ii
SCH0270,Govt. Primary School Nadkarni,Jalandhar,Jalandhar-I,125,Higher Secondary,Hindi,SCH0270,SCH0270,False,Jalandhar,Jalandhar,Jalandhar-I,Jalandhar-I
SCH0271,Govt. Elementary School Mohan,Sangrur,Sunam,274,Secondary,Hindi,SCH0271,SCH0271,False,Sangrur,Sangrur,Sunam,Sunam
SCH0272,Govt. Senior Secondary School Sarin,Ferozepur,Makhu,265,Upper Primary,Hindi,SCH0272,SCH0272,False,Ferozepur,Ferozepur,Makhu,Makhu
SCH0273,Govt. Senior Secondary School Parikh,Ferozepur,Makhu,189,Higher Secondary,English,SCH0273,SCH0273,False,Ferozepur,Ferozepur,Makhu,Makhu
SCH0274,Govt. Senior Secondary School Raval,Ferozepur,Makhu,98,Upper Primary,Hindi,SCH0274,SCH0274,False,Ferozepur,Ferozepur,Makhu,Makhu
SCH0275,Govt. Primary School Chandran,Ludhiana,Machhiwara,402,Secondary,Punjabi,SCH0275,SCH0275,False,Ludhiana,Ludhiana,Machhiwara,Machhiwara
SCH0276,Govt. Elementary School Naik,Sangrur,Sunam,364,Secondary,Punjabi,SCH0276,SCH0276,False,Sangrur,Sangrur,Sunam,Sunam
SCH0277,Govt. Middle School Nagi,Sangrur,Dhuri,338,Higher Secondary,Hindi,SCH0277,SCH0277,False,Sangrur,Sangrur,Dhuri,Dhuri
SCH0278,Govt. Primary School Kamdar,Amritsar,Amritsar-I,433,Secondary,Punjabi,SCH0278,SCH0278,False,Amritsar,Amritsar,Amritsar-I,Amritsar-I
SCH0279,Govt. Senior Secondary School Narayan,Unknown District,Nihal Singh Wala,94,Secondary,Punjabi,SCH0279,SCH0279,False,,Unknown District,Nihal Singh Wala,Nihal Singh Wala
SCH0280,Govt. Elementary School Modi,Sangrur,Sunam,216,Higher Secondary,Punjabi,SCH0280,SCH0280,False,Sangrur,Sangrur,Sunam,Sunam
SCH0281,Govt. Elementary School Agarwal,Amritsar,Amritsar-Ii,218,Higher Secondary,Punjabi,SCH0281,SCH0281,False,Amritsar,Amritsar,Amritsar-II,Amritsar-Ii
SCH0282,Govt. Primary School Palan,Sangrur,Unknown Block,203,Primary,English,SCH0282,SCH0282,False,sangrur,Sangrur,,Unknown Block
SCH0283,Govt. Middle School Reddy,Amritsar,Amritsar-Ii,419,Upper Primary,Punjabi,SCH0283,SCH0283,False,Amritsar,Amritsar,Amritsar-II,Amritsar-Ii
SCH0284,Govt. Senior Secondary School Prakash,Patiala,Rajpura,362,Higher Secondary,Punjabi,SCH0284,SCH0284,False,Patiala,Patiala,Rajpura,Rajpura
SCH0285,Govt. Primary School Chaudhry,Ferozepur,Ferozepur,400,Secondary,Hindi,SCH0285,SCH0285,False,Ferozepur,Ferozepur,Ferozepur,Ferozepur
SCH0286,Govt. Elementary School Badal,Jalandhar,Nakodar,206,Primary,English,SCH0286,SCH0286,False,Jalandhar,Jalandhar,Nakodar,Nakodar
SCH0287,Govt. Senior Secondary School Bhavsar,Ferozepur,Mamdot,340,Secondary,English,SCH0287,SCH0287,False,Ferozepur,Ferozepur,Mamdot,Mamdot
SCH0288,Govt. Middle School Goyal,Amritsar,Amritsar-Ii,200,Secondary,Hindi,SCH0288,SCH0288,False,Amritsar,Amritsar,Amritsar-II,Amritsar-Ii
SCH0289,Govt. Elementary School Mohanty,Ferozepur,Mamdot,345,Higher Secondary,Hindi,SCH0289,SCH0289,False,Ferozepur,Ferozepur,Mamdot,Mamdot
SCH0290,Govt. Primary School Mander,Jalandhar,Phillaur,187,Secondary,Punjabi,SCH0290,SCH0290,False,Jalandhar,Jalandhar,Phillaur,Phillaur
SCH0291,Govt. Elementary School Seth,Sangrur,Sunam,139,Higher Secondary,Punjabi,SCH0291,SCH0291,False,Sangrur,Sangrur,Sunam,Sunam
SCH0292,Govt. Middle School Deo,Sangrur,Sunam,82,Upper Primary,English,SCH0292,SCH0292,False,Sangrur,Sangrur,Sunam,Sunam
SCH0293,Govt. Primary School Wadhwa,Jalandhar,Phillaur,329,Higher Secondary,English,SCH0293,SCH0293,False,Jalandhar,Jalandhar,Phillaur,Phillaur
SCH0294,Govt. Primary School Arora,Moga,Moga-I,429,Upper Primary,Hindi,SCH0294,SCH0294,False,Moga,Moga,Moga-I,Moga-I
SCH0295,Govt. Primary School Sule,Bathinda,Bathinda,270,Primary,Hindi,SCH0295,SCH0295,False,Bathinda,Bathinda,Bathinda,Bathinda
SCH0296,Govt. Senior Secondary School Dash,Patiala,Samana,403,Higher Secondary,Hindi,SCH0296,SCH0296,False,Patiala,Patiala,Samana,Samana
SCH0297,Govt. Middle School Narayanan,Ludhiana,Doraha,312,Upper Primary,English,SCH0297,SCH0297,False,Ludhiana,Ludhiana,Doraha,Doraha
SCH0298,Govt. Senior Secondary School Sibal,Amritsar,Amritsar-Ii,424,Primary,Hindi,SCH0298,SCH0298,False,Amritsar,Amritsar,Amritsar-II,Amritsar-Ii
SCH0299,Govt. Elementary School Sane,Patiala,Nabha,404,Upper Primary,Hindi,SCH0299,SCH0299,False,Patiala,Patiala,Nabha,Nabha
SCH0300,Govt. Middle School Chaudhary,Bathinda,Talwandi Sabo,232,Primary,English,SCH0300,SCH0300,False,Bathinda,Bathinda,Talwandi Sabo,Talwandi Sabo
SCH0301,Govt. Elementary School Loke,Sangrur,Dhuri,207,Primary,English,SCH0301,SCH0301,False,Sangrur,Sangrur,Dhuri,Dhuri
SCH0302,Govt. Middle School Sama,Amritsar,Tarn Taran,151,Upper Primary,English,SCH0302,SCH0302,False,Amritsar,Amritsar,Tarn Taran,Tarn Taran
SCH0303,Govt. Elementary School Bava,Jalandhar,Unknown Block,443,Primary,Hindi,SCH0303,SCH0303,False,Jalandhar,Jalandhar,,Unknown Block
SCH0304,Govt. Senior Secondary School Dubey,Sangrur,Dhuri,40,Higher Secondary,English,SCH0304,SCH0304,False,Sangrur,Sangrur,Dhuri,Dhuri
SCH0305,Govt. Senior Secondary School Mane,Jalandhar,Unknown Block,87,Secondary,English,SCH0305,SCH0305,False,Jalandhar,Jalandhar,,Unknown Block
SCH0306,Govt. Elementary School Bhardwaj,Patiala,Unknown Block,375,Primary,Hindi,SCH0306,SCH0306,False,patiala,Patiala,,Unknown Block
SCH0307,Govt. Elementary School Wali,Unknown District,Rajpura,44,Secondary,Punjabi,SCH0307,SCH0307,False,,Unknown District,Rajpura,Rajpura
SCH0308,Govt. Middle School Butala,Amritsar,Amritsar-Ii,236,Primary,Hindi,SCH0308,SCH0308,False,amritsar,Amritsar,Amritsar-II,Amritsar-Ii
SCH0309,Govt. Primary School Garde,Ferozepur,Zira,368,Upper Primary,Hindi,SCH0309,SCH0309,False,Ferozepur,Ferozepur,Zira,Zira
SCH0310,Govt. Elementary School Nair,Sangrur,Malerkotla,409,Upper Primary,Punjabi,SCH0310,SCH0310,False,Sangrur,Sangrur,Malerkotla,Malerkotla
SCH0311,Govt. Elementary School Sarkar,Amritsar,Amritsar-Ii,425,Higher Secondary,Hindi,SCH0311,SCH0311,False,Amritsar,Amritsar,Amritsar-II,Amritsar-Ii
SCH0312,Govt. Primary School Sagar,Patiala,Samana,370,Secondary,English,SCH0312,SCH0312,False,patiala,Patiala,Samana,Samana
SCH0313,Govt. Senior Secondary School Behl,Patiala,Nabha,422,Primary,Punjabi,SCH0313,SCH0313,False,Patiala,Patiala,Nabha,Nabha
SCH0314,Govt. Middle School Kakar,Patiala,Rajpura,366,Primary,Hindi,SCH0314,SCH0314,False,Patiala,Patiala,Rajpura,Rajpura
SCH0315,Govt. Primary School Chakraborty,Ferozepur,Unknown Block,319,Higher Secondary,Punjabi,SCH0315,SCH0315,False,Ferozepur,Ferozepur,,Unknown Block
SCH0316,Govt. Elementary School Dhingra,Unknown District,Doraha,150,Primary,Hindi,SCH0316,SCH0316,False,,Unknown District,Doraha,Doraha
SCH0317,Govt. Middle School Purohit,Ferozepur,Unknown Block,399,Upper Primary,Hindi,SCH0317,SCH0317,False,Ferozepur,Ferozepur,,Unknown Block
SCH0318,Govt. Elementary School Rout,Jalandhar,Nakodar,240,Primary,Hindi,SCH0318,SCH0318,False,Jalandhar,Jalandhar,Nakodar,Nakodar
SCH0319,Govt. Primary School Bassi,Ludhiana,Ludhiana-Ii,84,Primary,Hindi,SCH0319,SCH0319,False,Ludhiana,Ludhiana,Ludhiana-II,Ludhiana-Ii
SCH0320,Govt. Middle School Dave,Amritsar,Amritsar-I,402,Primary,English,SCH0320,SCH0320,False,Amritsar,Amritsar,Amritsar-I,Amritsar-I
SCH0321,Govt. Primary School Nayak,Jalandhar,Nakodar,104,Secondary,Punjabi,SCH0321,SCH0321,False,Jalandhar,Jalandhar,Nakodar,Nakodar
SCH0322,Govt. Primary School Tak,Moga,Nihal Singh Wala,179,Secondary,Hindi,SCH0322,SCH0322,False,Moga,Moga,Nihal Singh Wala,Nihal Singh Wala
SCH0323,Govt. Middle School Kapoor,Moga,Moga-I,295,Upper Primary,Hindi,SCH0323,SCH0323,False,Moga,Moga,Moga-I,Moga-I
SCH0324,Govt. Primary School Sundaram,Amritsar,Amritsar-Ii,419,Primary,Punjabi,SCH0324,SCH0324,False,Amritsar,Amritsar,Amritsar-II,Amritsar-Ii
SCH0325,Govt. Elementary School Babu,Moga,Nihal Singh Wala,116,Primary,Hindi,SCH0325,SCH0325,False,Moga,Moga,Nihal Singh Wala,Nihal Singh Wala
SCH0326,Govt. Primary School Balasubramanian,Ferozepur,Makhu,178,Secondary,Hindi,SCH0326,SCH0326,False,Ferozepur,Ferozepur,Makhu,Makhu
SCH0327,Govt. Middle School Muni,Ludhiana,Machhiwara,75,Secondary,Hindi,SCH0327,SCH0327,False,Ludhiana,Ludhiana,Machhiwara,Machhiwara
SCH0328,Govt. Senior Secondary School Sarraf,Sangrur,Sangrur,228,Secondary,Hindi,SCH0328,SCH0328,False,Sangrur,Sangrur,Sangrur,Sangrur
SCH0329,Govt. Elementary School Modi,Sangrur,Unknown Block,415,Upper Primary,Hindi,SCH0329,SCH0329,False,Sangrur,Sangrur,,Unknown Block
SCH0330,Govt. Middle School Badami,Unknown District,Moga-I,211,Higher Secondary,Hindi,SCH0330,SCH0330,False,,Unknown District,Moga-I,Moga-I
SCH0331,Govt. Primary School Raju,Patiala,Unknown Block,291,Upper Primary,Hindi,SCH0331,SCH0331,False,Patiala,Patiala,,Unknown Block
SCH0332,Govt. Senior Secondary School Lad,Ferozepur,Makhu,274,Primary,Punjabi,SCH0332,SCH0332,False,Ferozepur,Ferozepur,Makhu,Makhu
SCH0333,Govt. Middle School Warrior,Amritsar,Amritsar-I,262,Upper Primary,Punjabi,SCH0333,SCH0333,False,Amritsar,Amritsar,Amritsar-I,Amritsar-I
SCH0334,Govt. Senior Secondary School Gole,Moga,Bagha Purana,271,Primary,Hindi,SCH0334,SCH0334,False,Moga,Moga,Bagha Purana,Bagha Purana
SCH0335,Govt. Primary School Kota,Amritsar,Amritsar-Ii,94,Higher Secondary,Hindi,SCH0335,SCH0335,False,Amritsar,Amritsar,Amritsar-II,Amritsar-Ii
SCH0336,Govt. Middle School Sridhar,Sangrur,Malerkotla,277,Primary,Hindi,SCH0336,SCH0336,False,Sangrur,Sangrur,Malerkotla,Malerkotla
SCH0337,Govt. Elementary School Bora,Ludhiana,Ludhiana-Ii,207,Upper Primary,English,SCH0337,SCH0337,False,Ludhiana,Ludhiana,Ludhiana-II,Ludhiana-Ii
SCH0338,Govt. Senior Secondary School Wali,Bathinda,Unknown Block,55,Higher Secondary,Punjabi,SCH0338,SCH0338,False,Bathinda,Bathinda,,Unknown Block
SCH0339,Govt. Elementary School Zacharia,Jalandhar,Jalandhar-I,46,Upper Primary,Punjabi,SCH0339,SCH0339,False,jalandhar,Jalandhar,Jalandhar-I,Jalandhar-I
SCH0340,Govt. Elementary School Manda,Bathinda,Bathinda,51,Upper Primary,Punjabi,SCH0340,SCH0340,False,Bathinda,Bathinda,Bathinda,Bathinda
SCH0341,Govt. Elementary School Virk,Moga,Moga-I,61,Primary,Punjabi,SCH0341,SCH0341,False,Moga,Moga,Moga-I,Moga-I
SCH0342,Govt. Senior Secondary School Kashyap,Sangrur,Sangrur,235,Upper Primary,Punjabi,SCH0342,SCH0342,False,Sangrur,Sangrur,Sangrur,Sangrur
SCH0343,Govt. Elementary School Bassi,Jalandhar,Jalandhar-I,354,Upper Primary,Hindi,SCH0343,SCH0343,False,Jalandhar,Jalandhar,Jalandhar-I,Jalandhar-I
SCH0344,Govt. Senior Secondary School Bala,Sangrur,Sangrur,84,Upper Primary,Hindi,SCH0344,SCH0344,False,Sangrur,Sangrur,Sangrur,Sangrur
SCH0345,Govt. Elementary School Mangal,Ludhiana,Machhiwara,440,Higher Secondary,Hindi,SCH0345,SCH0345,False,Ludhiana,Ludhiana,Machhiwara,Machhiwara
SCH0346,Govt. Primary School Peri,Moga,Nihal Singh Wala,178,Secondary,English,SCH0346,SCH0346,False,Moga,Moga,Nihal Singh Wala,Nihal Singh Wala
SCH0347,Govt. Primary School Mall,Ludhiana,Machhiwara,311,Upper Primary,Hindi,SCH0347,SCH0347,False,Ludhiana,Ludhiana,Machhiwara,Machhiwara
SCH0348,Govt. Elementary School Sarraf,Bathinda,Bathinda,431,Upper Primary,Hindi,SCH0348,SCH0348,False,Bathinda,Bathinda,Bathinda,Bathinda
SCH0349,Govt. Primary School Jaggi,Jalandhar,Jalandhar-Ii,343,Secondary,English,SCH0349,SCH0349,False,Jalandhar,Jalandhar,Jalandhar-II,Jalandhar-Ii
SCH0350,Govt. Primary School Mann,Jalandhar,Unknown Block,292,Upper Primary,Hindi,SCH0350,SCH0350,False,Jalandhar,Jalandhar,,Unknown Block
SCH0351,Govt. Senior Secondary School Morar,Patiala,Patiala,309,Secondary,English,SCH0351,SCH0351,False,Patiala,Patiala,Patiala,Patiala
SCH0352,Govt. Middle School Jayaraman,Unknown District,Nakodar,70,Upper Primary,English,SCH0352,SCH0352,False,,Unknown District,Nakodar,Nakodar
SCH0353,Govt. Elementary School Parikh,Ferozepur,Ferozepur,212,Upper Primary,Punjabi,SCH0353,SCH0353,False,Ferozepur,Ferozepur,Ferozepur,Ferozepur
SCH0354,Govt. Senior Secondary School Kakar,Moga,Moga-Ii,402,Secondary,English,SCH0354,SCH0354,False,Moga,Moga,Moga-II,Moga-Ii
SCH0355,Govt. Primary School Tripathi,Unknown District,Jalandhar-Ii,413,Higher Secondary,English,SCH0355,SCH0355,False,,Unknown District,Jalandhar-II,Jalandhar-Ii
SCH0356,Govt. Middle School Brahmbhatt,Patiala,Patiala,294,Primary,Punjabi,SCH0356,SCH0356,False,Patiala,Patiala,Patiala,Patiala
SCH0357,Govt. Middle School Bhatti,Moga,Nihal Singh Wala,45,Upper Primary,Punjabi,SCH0357,SCH0357,False,Moga,Moga,Nihal Singh Wala,Nihal Singh Wala
SCH0358,Govt. Elementary School Panchal,Ludhiana,Ludhiana-I,237,Higher Secondary,Punjabi,SCH0358,SCH0358,False,Ludhiana,Ludhiana,Ludhiana-I,Ludhiana-I
SCH0359,Govt. Primary School Bhavsar,Moga,Nihal Singh Wala,91,Upper Primary,Punjabi,SCH0359,SCH0359,False,Moga,Moga,Nihal Singh Wala,Nihal Singh Wala
SCH0360,Govt. Senior Secondary School Bhat,Bathinda,Bathinda,203,Primary,Hindi,SCH0360,SCH0360,False,Bathinda,Bathinda,Bathinda,Bathinda
SCH0361,Govt. Elementary School Bumb,Amritsar,Amritsar-I,213,Higher Secondary,Hindi,SCH0361,SCH0361,False,Amritsar,Amritsar,Amritsar-I,Amritsar-I
SCH0362,Govt. Elementary School Sinha,Ferozepur,Zira,67,Upper Primary,Hindi,SCH0362,SCH0362,False,Ferozepur,Ferozepur,Zira,Zira
SCH0363,Govt. Elementary School Sankar,Bathinda,Rampura Phul,192,Primary,English,SCH0363,SCH0363,False,Bathinda,Bathinda,Rampura Phul,Rampura Phul
SCH0364,Govt. Primary School Chowdhury,Ludhiana,Machhiwara,84,Higher Secondary,English,SCH0364,SCH0364,False,Ludhiana,Ludhiana,Machhiwara,Machhiwara
SCH0365,Govt. Middle School Bhavsar,Amritsar,Unknown Block,99,Higher Secondary,Hindi,SCH0365,SCH0365,False,Amritsar,Amritsar,,Unknown Block
SCH0366,Govt. Primary School Hari,Ferozepur,Zira,229,Secondary,Punjabi,SCH0366,SCH0366,False,Ferozepur,Ferozepur,Zira,Zira
SCH0367,Govt. Primary School Vala,Bathinda,Unknown Block,177,Upper Primary,English,SCH0367,SCH0367,False,Bathinda,Bathinda,,Unknown Block
SCH0368,Govt. Elementary School Raman,Ferozepur,Zira,323,Higher Secondary,Punjabi,SCH0368,SCH0368,False,ferozepur,Ferozepur,Zira,Zira
SCH0369,Govt. Senior Secondary School Naik,Patiala,Rajpura,193,Primary,Punjabi,SCH0369,SCH0369,False,patiala,Patiala,Rajpura,Rajpura
SCH0370,Govt. Primary School Pant,Jalandhar,Jalandhar-Ii,148,Upper Primary,Punjabi,SCH0370,SCH0370,False,Jalandhar,Jalandhar,Jalandhar-II,Jalandhar-Ii
SCH0371,Govt. Elementary School Baral,Patiala,Nabha,344,Primary,English,SCH0371,SCH0371,False,Patiala,Patiala,Nabha,Nabha
SCH0372,Govt. Senior Secondary School Mody,Sangrur,Sangrur,442,Higher Secondary,Hindi,SCH0372,SCH0372,False,Sangrur,Sangrur,Sangrur,Sangrur
SCH0373,Govt. Middle School Soman,Amritsar,Amritsar-I,328,Secondary,English,SCH0373,SCH0373,False,Amritsar,Amritsar,Amritsar-I,Amritsar-I
SCH0374,Govt. Elementary School Yohannan,Ferozepur,Mamdot,332,Primary,Hindi,SCH0374,SCH0374,False,Ferozepur,Ferozepur,Mamdot,Mamdot
SCH0375,Govt. Primary School Karan,Ferozepur,Ferozepur,242,Secondary,English,SCH0375,SCH0375,False,Ferozepur,Ferozepur,Ferozepur,Ferozepur
SCH0376,Govt. Elementary School Talwar,Moga,Moga-I,212,Secondary,Punjabi,SCH0376,SCH0376,False,Moga,Moga,Moga-I,Moga-I
SCH0377,Govt. Middle School Gandhi,Patiala,Nabha,193,Higher Secondary,Punjabi,SCH0377,SCH0377,False,Patiala,Patiala,Nabha,Nabha
SCH0378,Govt. Middle School Mitter,Amritsar,Amritsar-Ii,266,Higher Secondary,Hindi,SCH0378,SCH0378,False,Amritsar,Amritsar,Amritsar-II,Amritsar-Ii
SCH0379,Govt. Primary School Balay,Jalandhar,Jalandhar-I,199,Higher Secondary,Hindi,SCH0379,SCH0379,False,Jalandhar,Jalandhar,Jalandhar-I,Jalandhar-I
SCH0380,Govt. Middle School Minhas,Ludhiana,Ludhiana-Ii,56,Secondary,Punjabi,SCH0380,SCH0380,False,Ludhiana,Ludhiana,Ludhiana-II,Ludhiana-Ii
SCH0381,Govt. Elementary School Varma,Unknown District,Ferozepur,388,Secondary,Punjabi,SCH0381,SCH0381,False,,Unknown District,Ferozepur,Ferozepur
SCH0382,Govt. Primary School Lanka,Moga,Bagha Purana,123,Secondary,Punjabi,SCH0382,SCH0382,False,Moga,Moga,Bagha Purana,Bagha Purana
SCH0383,Govt. Senior Secondary School Sama,Ludhiana,Ludhiana-Ii,332,Upper Primary,English,SCH0383,SCH0383,False,Ludhiana,Ludhiana,Ludhiana-II,Ludhiana-Ii
SCH0384,Govt. Senior Secondary School Parekh,Ferozepur,Ferozepur,439,Primary,Hindi,SCH0384,SCH0384,False,Ferozepur,Ferozepur,Ferozepur,Ferozepur
SCH0385,Govt. Middle School Mane,Ludhiana,Ludhiana-Ii,169,Secondary,Punjabi,SCH0385,SCH0385,False,Ludhiana,Ludhiana,Ludhiana-II,Ludhiana-Ii
SCH0386,Govt. Elementary School Sama,Moga,Nihal Singh Wala,169,Secondary,Punjabi,SCH0386,SCH0386,False,Moga,Moga,Nihal Singh Wala,Nihal Singh Wala
SCH0387,Govt. Middle School Varty,Moga,Bagha Purana,192,Higher Secondary,English,SCH0387,SCH0387,False,Moga,Moga,Bagha Purana,Bagha Purana
SCH0388,Govt. Elementary School Saini,Bathinda,Rampura Phul,136,Upper Primary,Hindi,SCH0388,SCH0388,False,Bathinda,Bathinda,Rampura Phul,Rampura Phul
SCH0389,Govt. Primary School Borra,Ludhiana,Machhiwara,191,Higher Secondary,Hindi,SCH0389,SCH0389,False,Ludhiana,Ludhiana,Machhiwara,Machhiwara
SCH0390,Govt. Middle School Dutt,Patiala,Samana,411,Higher Secondary,Hindi,SCH0390,SCH0390,False,Patiala,Patiala,Samana,Samana
SCH0391,Govt. Senior Secondary School Lad,Jalandhar,Nakodar,89,Secondary,English,SCH0391,SCH0391,False,Jalandhar,Jalandhar,Nakodar,Nakodar
SCH0392,Govt. Middle School Kara,Amritsar,Amritsar-Ii,221,Secondary,Hindi,SCH0392,SCH0392,False,Amritsar,Amritsar,Amritsar-II,Amritsar-Ii
SCH0393,Govt. Senior Secondary School Bava,Bathinda,Talwandi Sabo,100,Primary,Punjabi,SCH0393,SCH0393,False,Bathinda,Bathinda,Talwandi Sabo,Talwandi Sabo
SCH0394,Govt. Senior Secondary School Bala,Bathinda,Talwandi Sabo,67,Upper Primary,Hindi,SCH0394,SCH0394,False,Bathinda,Bathinda,Talwandi Sabo,Talwandi Sabo
SCH0395,Govt. Elementary School Bose,Sangrur,Sunam,201,Upper Primary,Hindi,SCH0395,SCH0395,False,Sangrur,Sangrur,Sunam,Sunam
SCH0396,Govt. Senior Secondary School Deshmukh,Moga,Moga-I,42,Upper Primary,Hindi,SCH0396,SCH0396,False,Moga,Moga,Moga-I,Moga-I
SCH0397,Govt. Elementary School Raghavan,Sangrur,Sangrur,106,Higher Secondary,Punjabi,SCH0397,SCH0397,False,Sangrur,Sangrur,Sangrur,Sangrur
SCH0398,Govt. Primary School Narasimhan,Patiala,Samana,47,Upper Primary,Hindi,SCH0398,SCH0398,False,Patiala,Patiala,Samana,Samana
SCH0399,Govt. Middle School Konda,Patiala,Samana,199,Higher Secondary,Punjabi,SCH0399,SCH0399,False,Patiala,Patiala,Samana,Samana
SCH0400,Govt. Senior Secondary School Sastry,Bathinda,Rampura Phul,273,Secondary,Punjabi,SCH0400,SCH0400,False,Bathinda,Bathinda,Rampura Phul,Rampura Phul
SCH0401,Govt. Senior Secondary School Sunder,Moga,Moga-Ii,124,Higher Secondary,Hindi,SCH0401,SCH0401,False,Moga,Moga,Moga-II,Moga-Ii
SCH0402,Govt. Primary School Chakraborty,Patiala,Patiala,341,Primary,English,SCH0402,SCH0402,False,Patiala,Patiala,Patiala,Patiala
SCH0403,Govt. Primary School Garde,Ludhiana,Ludhiana-I,378,Primary,Punjabi,SCH0403,SCH0403,False,Ludhiana,Ludhiana,Ludhiana-I,Ludhiana-I
SCH0404,Govt. Primary School Keer,Amritsar,Ajnala,282,Upper Primary,Punjabi,SCH0404,SCH0404,False,Amritsar,Amritsar,Ajnala,Ajnala
SCH0405,Govt. Primary School Agarwal,Bathinda,Maur,254,Primary,Punjabi,SCH0405,SCH0405,False,Bathinda,Bathinda,Maur,Maur
SCH0406,Govt. Senior Secondary School Bhattacharyya,Sangrur,Sunam,351,Secondary,Punjabi,SCH0406,SCH0406,False,Sangrur,Sangrur,Sunam,Sunam
SCH0407,Govt. Elementary School Mitter,Bathinda,Maur,60,Upper Primary,Punjabi,SCH0407,SCH0407,False,Bathinda,Bathinda,Maur,Maur
SCH0408,Govt. Primary School Salvi,Ludhiana,Ludhiana-I,96,Higher Secondary,Punjabi,SCH0408,SCH0408,False,Ludhiana,Ludhiana,Ludhiana-I,Ludhiana-I
SCH0409,Govt. Primary School Puri,Amritsar,Unknown Block,369,Secondary,Hindi,SCH0409,SCH0409,False,Amritsar,Amritsar,,Unknown Block
SCH0410,Govt. Primary School Bath,Ludhiana,Unknown Block,224,Secondary,Punjabi,SCH0410,SCH0410,False,Ludhiana,Ludhiana,,Unknown Block
SCH0411,Govt. Elementary School Narayanan,Ludhiana,Ludhiana-Ii,379,Secondary,English,SCH0411,SCH0411,False,Ludhiana,Ludhiana,Ludhiana-II,Ludhiana-Ii
SCH0412,Govt. Elementary School Anand,Amritsar,Ajnala,215,Higher Secondary,Punjabi,SCH0412,SCH0412,False,Amritsar,Amritsar,Ajnala,Ajnala
SCH0413,Govt. Primary School Bhatnagar,Sangrur,Dhuri,372,Upper Primary,Hindi,SCH0413,SCH0413,False,Sangrur,Sangrur,Dhuri,Dhuri
SCH0414,Govt. Elementary School Goyal,Amritsar,Tarn Taran,342,Higher Secondary,Hindi,SCH0414,SCH0414,False,Amritsar,Amritsar,Tarn Taran,Tarn Taran
SCH0415,Govt. Elementary School Mandal,Ludhiana,Unknown Block,287,Primary,English,SCH0415,SCH0415,False,Ludhiana,Ludhiana,,Unknown Block
SCH0416,Govt. Middle School Batra,Moga,Moga-I,400,Upper Primary,Hindi,SCH0416,SCH0416,False,Moga,Moga,Moga-I,Moga-I
SCH0417,Govt. Elementary School Ahuja,Amritsar,Tarn Taran,378,Higher Secondary,Hindi,SCH0417,SCH0417,False,Amritsar,Amritsar,Tarn Taran,Tarn Taran
SCH0418,Govt. Senior Secondary School Comar,Ludhiana,Unknown Block,369,Higher Secondary,Punjabi,SCH0418,SCH0418,False,Ludhiana,Ludhiana,,Unknown Block
SCH0419,Govt. Elementary School Sarkar,Moga,Moga-Ii,209,Primary,Hindi,SCH0419,SCH0419,False,Moga,Moga,Moga-II,Moga-Ii
SCH0420,Govt. Elementary School Nair,Amritsar,Tarn Taran,267,Higher Secondary,Punjabi,SCH0420,SCH0420,False,Amritsar,Amritsar,Tarn Taran,Tarn Taran
SCH0421,Govt. Primary School Behl,Sangrur,Sangrur,92,Primary,Hindi,SCH0421,SCH0421,False,Sangrur,Sangrur,Sangrur,Sangrur
SCH0422,Govt. Primary School Rajan,Bathinda,Maur,375,Secondary,Punjabi,SCH0422,SCH0422,False,Bathinda,Bathinda,Maur,Maur
SCH0423,Govt. Senior Secondary School Master,Moga,Unknown Block,406,Higher Secondary,English,SCH0423,SCH0423,False,Moga,Moga,,Unknown Block
SCH0424,Govt. Elementary School Baral,Bathinda,Rampura Phul,399,Upper Primary,Hindi,SCH0424,SCH0424,False,Bathinda,Bathinda,Rampura Phul,Rampura Phul
SCH0425,Govt. Senior Secondary School Wason,Patiala,Nabha,101,Higher Secondary,Punjabi,SCH0425,SCH0425,False,Patiala,Patiala,Nabha,Nabha
SCH0426,Govt. Elementary School Andra,Ferozepur,Ferozepur,364,Primary,Hindi,SCH0426,SCH0426,False,Ferozepur,Ferozepur,Ferozepur,Ferozepur
SCH0427,Govt. Elementary School Mangat,Jalandhar,Phillaur,42,Primary,Punjabi,SCH0427,SCH0427,False,Jalandhar,Jalandhar,Phillaur,Phillaur
SCH0428,Govt. Middle School Swamy,Jalandhar,Jalandhar-Ii,414,Primary,Punjabi,SCH0428,SCH0428,False,Jalandhar,Jalandhar,Jalandhar-II,Jalandhar-Ii
SCH0429,Govt. Elementary School Narain,Ferozepur,Zira,180,Secondary,Hindi,SCH0429,SCH0429,False,Ferozepur,Ferozepur,Zira,Zira
SCH0430,Govt. Senior Secondary School Dutt,Ferozepur,Makhu,399,Secondary,Hindi,SCH0430,SCH0430,False,Ferozepur,Ferozepur,Makhu,Makhu
SCH0431,Govt. Middle School Sarin,Bathinda,Rampura Phul,384,Upper Primary,English,SCH0431,SCH0431,False,Bathinda,Bathinda,Rampura Phul,Rampura Phul
SCH0432,Govt. Elementary School Sura,Sangrur,Dhuri,385,Secondary,Hindi,SCH0432,SCH0432,False,Sangrur,Sangrur,Dhuri,Dhuri
SCH0433,Govt. Senior Secondary School Hayre,Amritsar,Amritsar-I,235,Primary,English,SCH0433,SCH0433,False,Amritsar,Amritsar,Amritsar-I,Amritsar-I
SCH0434,Govt. Primary School Bandi,Jalandhar,Jalandhar-I,393,Upper Primary,Punjabi,SCH0434,SCH0434,False,Jalandhar,Jalandhar,Jalandhar-I,Jalandhar-I
SCH0435,Govt. Middle School Rama,Amritsar,Amritsar-Ii,420,Higher Secondary,Punjabi,SCH0435,SCH0435,False,Amritsar,Amritsar,Amritsar-II,Amritsar-Ii
SCH0436,Govt. Primary School Joshi,Ferozepur,Unknown Block,253,Secondary,English,SCH0436,SCH0436,False,Ferozepur,Ferozepur,,Unknown Block
SCH0437,Govt. Senior Secondary School Loyal,Patiala,Rajpura,155,Secondary,Hindi,SCH0437,SCH0437,False,Patiala,Patiala,Rajpura,Rajpura
SCH0438,Govt. Senior Secondary School Chacko,Bathinda,Talwandi Sabo,130,Primary,Punjabi,SCH0438,SCH0438,False,Bathinda,Bathinda,Talwandi Sabo,Talwandi Sabo
SCH0439,Govt. Middle School Sankar,Ferozepur,Unknown Block,259,Secondary,Punjabi,SCH0439,SCH0439,False,Ferozepur,Ferozepur,,Unknown Block
SCH0440,Govt. Middle School Devan,Jalandhar,Jalandhar-I,118,Primary,Hindi,SCH0440,SCH0440,False,Jalandhar,Jalandhar,Jalandhar-I,Jalandhar-I
SCH0441,Govt. Primary School Gara,Moga,Moga-I,441,Upper Primary,Hindi,SCH0441,SCH0441,False,Moga,Moga,Moga-I,Moga-I
SCH0442,Govt. Middle School Karpe,Ferozepur,Mamdot,87,Upper Primary,Hindi,SCH0442,SCH0442,False,Ferozepur,Ferozepur,Mamdot,Mamdot
SCH0443,Govt. Senior Secondary School Chakrabarti,Sangrur,Sangrur,98,Higher Secondary,English,SCH0443,SCH0443,False,Sangrur,Sangrur,Sangrur,Sangrur
SCH0444,Govt. Middle School Setty,Ferozepur,Ferozepur,237,Secondary,Hindi,SCH0444,SCH0444,False,Ferozepur,Ferozepur,Ferozepur,Ferozepur
SCH0445,Govt. Primary School Wason,Sangrur,Dhuri,62,Upper Primary,Hindi,SCH0445,SCH0445,False,Sangrur,Sangrur,Dhuri,Dhuri
SCH0446,Govt. Elementary School Kala,Ludhiana,Ludhiana-I,147,Upper Primary,Hindi,SCH0446,SCH0446,False,Ludhiana,Ludhiana,Ludhiana-I,Ludhiana-I
SCH0447,Govt. Middle School Dash,Ferozepur,Unknown Block,422,Primary,Punjabi,SCH0447,SCH0447,False,Ferozepur,Ferozepur,,Unknown Block
SCH0448,Govt. Senior Secondary School Sandal,Ludhiana,Ludhiana-Ii,446,Primary,Punjabi,SCH0448,SCH0448,False,Ludhiana,Ludhiana,Ludhiana-II,Ludhiana-Ii
SCH0449,Govt. Primary School Keer,Ferozepur,Mamdot,362,Secondary,Hindi,SCH0449,SCH0449,False,Ferozepur,Ferozepur,Mamdot,Mamdot
SCH0450,Govt. Primary School Kurian,Amritsar,Amritsar-I,398,Secondary,English,SCH0450,SCH0450,False,Amritsar,Amritsar,Amritsar-I,Amritsar-I
SCH0451,Govt. Primary School Dasgupta,Amritsar,Ajnala,431,Higher Secondary,Hindi,SCH0451,SCH0451,False,Amritsar,Amritsar,Ajnala,Ajnala
SCH0452,Govt. Senior Secondary School Jaggi,Patiala,Nabha,422,Secondary,English,SCH0452,SCH0452,False,Patiala,Patiala,Nabha,Nabha
SCH0453,Govt. Primary School Mahal,Unknown District,Ludhiana-Ii,103,Higher Secondary,English,SCH0453,SCH0453,False,,Unknown District,Ludhiana-II,Ludhiana-Ii
SCH0454,Govt. Senior Secondary School Bala,Patiala,Rajpura,370,Upper Primary,English,SCH0454,SCH0454,False,Patiala,Patiala,Rajpura,Rajpura
SCH0455,Govt. Elementary School Borah,Patiala,Patiala,132,Primary,Punjabi,SCH0455,SCH0455,False,Patiala,Patiala,Patiala,Patiala
SCH0456,Govt. Middle School Bhatnagar,Bathinda,Bathinda,168,Higher Secondary,Hindi,SCH0456,SCH0456,False,bathinda,Bathinda,Bathinda,Bathinda
SCH0457,Govt. Elementary School Varty,Amritsar,Ajnala,357,Upper Primary,English,SCH0457,SCH0457,False,amritsar,Amritsar,Ajnala,Ajnala
SCH0458,Govt. Senior Secondary School Murty,Jalandhar,Nakodar,201,Upper Primary,Punjabi,SCH0458,SCH0458,False,Jalandhar,Jalandhar,Nakodar,Nakodar
SCH0459,Govt. Elementary School Mani,Bathinda,Rampura Phul,108,Secondary,English,SCH0459,SCH0459,False,Bathinda,Bathinda,Rampura Phul,Rampura Phul
SCH0460,Govt. Senior Secondary School Solanki,Sangrur,Sangrur,129,Primary,Hindi,SCH0460,SCH0460,False,Sangrur,Sangrur,Sangrur,Sangrur
SCH0461,Govt. Primary School Ramachandran,Bathinda,Bathinda,412,Primary,Hindi,SCH0461,SCH0461,False,bathinda,Bathinda,Bathinda,Bathinda
SCH0462,Govt. Senior Secondary School Gulati,Ferozepur,Zira,58,Higher Secondary,Hindi,SCH0462,SCH0462,False,Ferozepur,Ferozepur,Zira,Zira
SCH0463,Govt. Primary School Rajagopalan,Bathinda,Maur,277,Primary,Hindi,SCH0463,SCH0463,False,Bathinda,Bathinda,Maur,Maur
SCH0464,Govt. Elementary School Khalsa,Jalandhar,Jalandhar-Ii,268,Upper Primary,Punjabi,SCH0464,SCH0464,False,Jalandhar,Jalandhar,Jalandhar-II,Jalandhar-Ii
SCH0465,Govt. Senior Secondary School Banerjee,Patiala,Rajpura,158,Secondary,English,SCH0465,SCH0465,False,patiala,Patiala,Rajpura,Rajpura
SCH0466,Govt. Middle School Chand,Ferozepur,Mamdot,272,Primary,Hindi,SCH0466,SCH0466,False,Ferozepur,Ferozepur,Mamdot,Mamdot
SCH0467,Govt. Elementary School Krishnan,Bathinda,Rampura Phul,336,Upper Primary,Punjabi,SCH0467,SCH0467,False,Bathinda,Bathinda,Rampura Phul,Rampura Phul
SCH0468,Govt. Middle School Mishra,Bathinda,Talwandi Sabo,154,Secondary,Punjabi,SCH0468,SCH0468,False,Bathinda,Bathinda,Talwandi Sabo,Talwandi Sabo
SCH0469,Govt. Middle School Gera,Ludhiana,Ludhiana-Ii,265,Primary,Hindi,SCH0469,SCH0469,False,Ludhiana,Ludhiana,Ludhiana-II,Ludhiana-Ii
SCH0470,Govt. Elementary School Handa,Jalandhar,Nakodar,348,Primary,Punjabi,SCH0470,SCH0470,False,Jalandhar,Jalandhar,Nakodar,Nakodar
SCH0471,Govt. Elementary School Chad,Sangrur,Unknown Block,285,Upper Primary,Punjabi,SCH0471,SCH0471,False,Sangrur,Sangrur,,Unknown Block
SCH0472,Govt. Senior Secondary School Nazareth,Jalandhar,Unknown Block,108,Primary,English,SCH0472,SCH0472,False,Jalandhar,Jalandhar,,Unknown Block
SCH0473,Govt. Middle School Nori,Jalandhar,Phillaur,346,Primary,Hindi,SCH0473,SCH0473,False,Jalandhar,Jalandhar,Phillaur,Phillaur
SCH0474,Govt. Senior Secondary School Borra,Sangrur,Dhuri,286,Higher Secondary,Hindi,SCH0474,SCH0474,False,Sangrur,Sangrur,Dhuri,Dhuri
SCH0475,Govt. Primary School Prakash,Bathinda,Maur,410,Higher Secondary,Punjabi,SCH0475,SCH0475,False,Bathinda,Bathinda,Maur,Maur
SCH0476,Govt. Primary School Chowdhury,Jalandhar,Jalandhar-I,48,Higher Secondary,Hindi,SCH0476,SCH0476,False,Jalandhar,Jalandhar,Jalandhar-I,Jalandhar-I
SCH0477,Govt. Primary School Gupta,Ludhiana,Ludhiana-I,87,Upper Primary,Punjabi,SCH0477,SCH0477,False,Ludhiana,Ludhiana,Ludhiana-I,Ludhiana-I
SCH0478,Govt. Elementary School Padmanabhan,Ferozepur,Makhu,62,Higher Secondary,Punjabi,SCH0478,SCH0478,False,Ferozepur,Ferozepur,Makhu,Makhu
SCH0479,Govt. Primary School Tank,Moga,Moga-I,257,Higher Secondary,Hindi,SCH0479,SCH0479,False,Moga,Moga,Moga-I,Moga-I
SCH0480,Govt. Primary School Brar,Unknown District,Makhu,136,Primary,Punjabi,SCH0480,SCH0480,False,,Unknown District,Makhu,Makhu
SCH0481,Govt. Middle School Bhatti,Patiala,Samana,249,Upper Primary,Hindi,SCH0481,SCH0481,False,Patiala,Patiala,Samana,Samana
SCH0482,Govt. Elementary School Sibal,Ferozepur,Makhu,353,Higher Secondary,Hindi,SCH0482,SCH0482,False,Ferozepur,Ferozepur,Makhu,Makhu
SCH0483,Govt. Middle School Varkey,Sangrur,Sunam,229,Higher Secondary,Punjabi,SCH0483,SCH0483,False,Sangrur,Sangrur,Sunam,Sunam
SCH0484,Govt. Elementary School Hayre,Jalandhar,Jalandhar-I,422,Upper Primary,Hindi,SCH0484,SCH0484,False,Jalandhar,Jalandhar,Jalandhar-I,Jalandhar-I
SCH0485,Govt. Senior Secondary School Gola,Ludhiana,Ludhiana-Ii,239,Primary,Hindi,SCH0485,SCH0485,False,Ludhiana,Ludhiana,Ludhiana-II,Ludhiana-Ii
SCH0486,Govt. Primary School Johal,Ferozepur,Ferozepur,72,Secondary,Punjabi,SCH0486,SCH0486,False,Ferozepur,Ferozepur,Ferozepur,Ferozepur
SCH0487,Govt. Senior Secondary School Keer,Bathinda,Bathinda,436,Higher Secondary,Hindi,SCH0487,SCH0487,False,Bathinda,Bathinda,Bathinda,Bathinda
SCH0488,Govt. Primary School Nayak,Bathinda,Maur,57,Upper Primary,Punjabi,SCH0488,SCH0488,False,Bathinda,Bathinda,Maur,Maur
SCH0489,Govt. Elementary School Pant,Jalandhar,Jalandhar-I,181,Secondary,Hindi,SCH0489,SCH0489,False,Jalandhar,Jalandhar,Jalandhar-I,Jalandhar-I
SCH0490,Govt. Middle School Dutta,Ludhiana,Ludhiana-I,86,Secondary,Hindi,SCH0490,SCH0490,False,Ludhiana,Ludhiana,Ludhiana-I,Ludhiana-I
SCH0491,Govt. Primary School Raman,Unknown District,Dhuri,334,Upper Primary,Hindi,SCH0491,SCH0491,False,,Unknown District,Dhuri,Dhuri
SCH0492,Govt. Middle School Dalal,Bathinda,Rampura Phul,99,Secondary,Punjabi,SCH0492,SCH0492,False,Bathinda,Bathinda,Rampura Phul,Rampura Phul
SCH0493,Govt. Primary School Bhattacharyya,Sangrur,Sunam,427,Higher Secondary,English,SCH0493,SCH0493,False,Sangrur,Sangrur,Sunam,Sunam
SCH0494,Govt. Senior Secondary School Kurian,Amritsar,Tarn Taran,364,Upper Primary,Punjabi,SCH0494,SCH0494,False,Amritsar,Amritsar,Tarn Taran,Tarn Taran
SCH0495,Govt. Elementary School Sandal,Moga,Moga-I,398,Upper Primary,English,SCH0495,SCH0495,False,Moga,Moga,Moga-I,Moga-I
SCH0496,Govt. Middle School Hayre,Amritsar,Amritsar-Ii,283,Upper Primary,Hindi,SCH0496,SCH0496,False,Amritsar,Amritsar,Amritsar-II,Amritsar-Ii
SCH0497,Govt. Senior Secondary School Wali,Sangrur,Sunam,160,Secondary,Hindi,SCH0497,SCH0497,False,Sangrur,Sangrur,Sunam,Sunam
SCH0498,Govt. Elementary School Pillay,Moga,Moga-Ii,438,Primary,Hindi,SCH0498,SCH0498,False,Moga,Moga,Moga-II,Moga-Ii
SCH0499,Govt. Middle School Oak,Ludhiana,Machhiwara,230,Higher Secondary,Hindi,SCH0499,SCH0499,False,Ludhiana,Ludhiana,Machhiwara,Machhiwara
SCH0500,Govt. Elementary School Kala,Bathinda,Talwandi Sabo,153,Upper Primary,Hindi,SCH0500,SCH0500,False,Bathinda,Bathinda,Talwandi Sabo,Talwandi Sabo
SCH0501,Govt. Primary School Devi,Ludhiana,Doraha,241,Upper Primary,Punjabi,SCH0501,SCH0501,False,Ludhiana,Ludhiana,Doraha,Doraha
SCH0502,Govt. Middle School Yogi,Moga,Moga-I,46,Higher Secondary,English,SCH0502,SCH0502,False,Moga,Moga,Moga-I,Moga-I
SCH0503,Govt. Elementary School Lala,Jalandhar,Nakodar,161,Secondary,Punjabi,SCH0503,SCH0503,False,Jalandhar,Jalandhar,Nakodar,Nakodar
SCH0504,Govt. Senior Secondary School Barad,Moga,Bagha Purana,245,Upper Primary,English,SCH0504,SCH0504,False,Moga,Moga,Bagha Purana,Bagha Purana
SCH0505,Govt. Primary School Chakraborty,Patiala,Rajpura,235,Upper Primary,Punjabi,SCH0505,SCH0505,False,Patiala,Patiala,Rajpura,Rajpura
SCH0506,Govt. Primary School Parekh,Jalandhar,Nakodar,442,Secondary,Hindi,SCH0506,SCH0506,False,Jalandhar,Jalandhar,Nakodar,Nakodar
SCH0507,Govt. Middle School Gola,Ludhiana,Ludhiana-Ii,170,Primary,English,SCH0507,SCH0507,False,Ludhiana,Ludhiana,Ludhiana-II,Ludhiana-Ii
SCH0508,Govt. Senior Secondary School Kara,Bathinda,Rampura Phul,50,Secondary,Hindi,SCH0508,SCH0508,False,Bathinda,Bathinda,Rampura Phul,Rampura Phul
SCH0509,Govt. Elementary School Maharaj,Jalandhar,Nakodar,221,Higher Secondary,Punjabi,SCH0509,SCH0509,False,Jalandhar,Jalandhar,Nakodar,Nakodar
SCH0510,Govt. Middle School Kant,Bathinda,Talwandi Sabo,363,Upper Primary,Hindi,SCH0510,SCH0510,False,Bathinda,Bathinda,Talwandi Sabo,Talwandi Sabo
SCH0511,Govt. Middle School Kuruvilla,Ferozepur,Ferozepur,80,Upper Primary,Hindi,SCH0511,SCH0511,False,Ferozepur,Ferozepur,Ferozepur,Ferozepur
SCH0512,Govt. Elementary School Chana,Ferozepur,Makhu,267,Secondary,Hindi,SCH0512,SCH0512,False,Ferozepur,Ferozepur,Makhu,Makhu
SCH0513,Govt. Primary School Sachdeva,Ludhiana,Ludhiana-Ii,412,Secondary,Punjabi,SCH0513,SCH0513,False,Ludhiana,Ludhiana,Ludhiana-II,Ludhiana-Ii
SCH0514,Govt. Primary School Mahal,Amritsar,Amritsar-I,72,Higher Secondary,Hindi,SCH0514,SCH0514,False,Amritsar,Amritsar,Amritsar-I,Amritsar-I
SCH0515,Govt. Elementary School Rattan,Amritsar,Amritsar-I,174,Primary,Hindi,SCH0515,SCH0515,False,Amritsar,Amritsar,Amritsar-I,Amritsar-I
SCH0516,Govt. Middle School Misra,Bathinda,Talwandi Sabo,360,Upper Primary,English,SCH0516,SCH0516,False,Bathinda,Bathinda,Talwandi Sabo,Talwandi Sabo
SCH0517,Govt. Senior Secondary School Mangat,Sangrur,Dhuri,316,Higher Secondary,Punjabi,SCH0517,SCH0517,False,Sangrur,Sangrur,Dhuri,Dhuri
SCH0518,Govt. Elementary School Sibal,Ferozepur,Makhu,217,Upper Primary,Punjabi,SCH0518,SCH0518,False,Ferozepur,Ferozepur,Makhu,Makhu
SCH0519,Govt. Elementary School Palan,Unknown District,Maur,195,Upper Primary,Punjabi,SCH0519,SCH0519,False,,Unknown District,Maur,Maur
SCH0520,Govt. Primary School Banerjee,Sangrur,Malerkotla,44,Secondary,Hindi,SCH0520,SCH0520,False,Sangrur,Sangrur,Malerkotla,Malerkotla
SCH0521,Govt. Senior Secondary School Sharaf,Ferozepur,Mamdot,242,Higher Secondary,Punjabi,SCH0521,SCH0521,False,Ferozepur,Ferozepur,Mamdot,Mamdot
SCH0522,Govt. Primary School Lalla,Patiala,Samana,185,Secondary,English,SCH0522,SCH0522,False,Patiala,Patiala,Samana,Samana
SCH0523,Govt. Primary School Hora,Amritsar,Tarn Taran,356,Higher Secondary,Hindi,SCH0523,SCH0523,False,Amritsar,Amritsar,Tarn Taran,Tarn Taran
SCH0524,Govt. Primary School Sabharwal,Ludhiana,Ludhiana-Ii,92,Upper Primary,Hindi,SCH0524,SCH0524,False,Ludhiana,Ludhiana,Ludhiana-II,Ludhiana-Ii
SCH0525,Govt. Elementary School Karpe,Ludhiana,Machhiwara,151,Secondary,Punjabi,SCH0525,SCH0525,False,Ludhiana,Ludhiana,Machhiwara,Machhiwara
SCH0526,Govt. Elementary School Raman,Ludhiana,Unknown Block,81,Upper Primary,Punjabi,SCH0526,SCH0526,False,Ludhiana,Ludhiana,,Unknown Block
SCH0527,Govt. Senior Secondary School Bath,Jalandhar,Jalandhar-Ii,168,Primary,Punjabi,SCH0527,SCH0527,False,Jalandhar,Jalandhar,Jalandhar-II,Jalandhar-Ii
SCH0528,Govt. Senior Secondary School Sunder,Patiala,Patiala,141,Primary,English,SCH0528,SCH0528,False,Patiala,Patiala,Patiala,Patiala
SCH0529,Govt. Middle School Ganguly,Moga,Moga-Ii,362,Primary,Punjabi,SCH0529,SCH0529,False,Moga,Moga,Moga-II,Moga-Ii
SCH0530,Govt. Middle School Kata,Patiala,Patiala,160,Secondary,Punjabi,SCH0530,SCH0530,False,Patiala,Patiala,Patiala,Patiala
SCH0531,Govt. Senior Secondary School Acharya,Patiala,Patiala,61,Higher Secondary,Punjabi,SCH0531,SCH0531,False,Patiala,Patiala,Patiala,Patiala
SCH0532,Govt. Primary School Sahni,Patiala,Unknown Block,295,Secondary,Hindi,SCH0532,SCH0532,False,patiala,Patiala,,Unknown Block
SCH0533,Govt. Elementary School Tailor,Amritsar,Amritsar-Ii,289,Secondary,Punjabi,SCH0533,SCH0533,False,Amritsar,Amritsar,Amritsar-II,Amritsar-Ii
SCH0534,Govt. Elementary School Pau,Ferozepur,Makhu,410,Primary,Hindi,SCH0534,SCH0534,False,Ferozepur,Ferozepur,Makhu,Makhu
SCH0535,Govt. Elementary School Viswanathan,Sangrur,Sunam,330,Secondary,Hindi,SCH0535,SCH0535,False,Sangrur,Sangrur,Sunam,Sunam
SCH0536,Govt. Middle School Chandran,Jalandhar,Jalandhar-I,311,Secondary,Hindi,SCH0536,SCH0536,False,Jalandhar,Jalandhar,Jalandhar-I,Jalandhar-I
SCH0537,Govt. Senior Secondary School Jayaraman,Ferozepur,Zira,49,Secondary,Punjabi,SCH0537,SCH0537,False,Ferozepur,Ferozepur,Zira,Zira
SCH0538,Govt. Middle School Wali,Ferozepur,Zira,308,Upper Primary,English,SCH0538,SCH0538,False,Ferozepur,Ferozepur,Zira,Zira
SCH0539,Govt. Senior Secondary School Kalita,Amritsar,Amritsar-I,307,Primary,Punjabi,SCH0539,SCH0539,False,Amritsar,Amritsar,Amritsar-I,Amritsar-I
SCH0540,Govt. Elementary School Dugal,Patiala,Patiala,288,Primary,Hindi,SCH0540,SCH0540,False,Patiala,Patiala,Patiala,Patiala
SCH0541,Govt. Senior Secondary School Badami,Bathinda,Bathinda,227,Primary,Punjabi,SCH0541,SCH0541,False,Bathinda,Bathinda,Bathinda,Bathinda
SCH0542,Govt. Primary School Balasubramanian,Sangrur,Sangrur,224,Higher Secondary,English,SCH0542,SCH0542,False,Sangrur,Sangrur,Sangrur,Sangrur
SCH0543,Govt. Primary School Dey,Ludhiana,Ludhiana-I,195,Upper Primary,Hindi,SCH0543,SCH0543,False,ludhiana,Ludhiana,Ludhiana-I,Ludhiana-I
SCH0544,Govt. Senior Secondary School Khalsa,Ferozepur,Zira,138,Upper Primary,Hindi,SCH0544,SCH0544,False,Ferozepur,Ferozepur,Zira,Zira
SCH0545,Govt. Elementary School Prabhakar,Ferozepur,Ferozepur,432,Secondary,Hindi,SCH0545,SCH0545,False,Ferozepur,Ferozepur,Ferozepur,Ferozepur
SCH0546,Govt. Elementary School Prabhakar,Jalandhar,Phillaur,298,Upper Primary,English,SCH0546,SCH0546,False,Jalandhar,Jalandhar,Phillaur,Phillaur
SCH0547,Govt. Middle School Lad,Moga,Bagha Purana,251,Higher Secondary,Hindi,SCH0547,SCH0547,False,Moga,Moga,Bagha Purana,Bagha Purana
SCH0548,Govt. Elementary School Yohannan,Patiala,Rajpura,432,Secondary,Punjabi,SCH0548,SCH0548,False,Patiala,Patiala,Rajpura,Rajpura
SCH0549,Govt. Middle School Krishnamurthy,Ludhiana,Unknown Block,185,Upper Primary,Hindi,SCH0549,SCH0549,False,Ludhiana,Ludhiana,,Unknown Block
SCH0550,Govt. Senior Secondary School Mittal,Patiala,Unknown Block,51,Secondary,Punjabi,SCH0550,SCH0550,False,Patiala,Patiala,,Unknown Block
SCH0551,Govt. Middle School Tara,Moga,Unknown Block,110,Upper Primary,Punjabi,SCH0551,SCH0551,False,Moga,Moga,,Unknown Block
SCH0552,Govt. Primary School Bhavsar,Patiala,Patiala,410,Higher Secondary,English,SCH0552,SCH0552,False,Patiala,Patiala,Patiala,Patiala
SCH0553,Govt. Elementary School Brar,Ludhiana,Machhiwara,80,Secondary,Punjabi,SCH0553,SCH0553,False,Ludhiana,Ludhiana,Machhiwara,Machhiwara
SCH0554,Govt. Primary School Din,Patiala,Patiala,364,Higher Secondary,Hindi,SCH0554,SCH0554,False,Patiala,Patiala,Patiala,Patiala
SCH0555,Govt. Elementary School Mukhopadhyay,Jalandhar,Nakodar,297,Upper Primary,Hindi,SCH0555,SCH0555,False,Jalandhar,Jalandhar,Nakodar,Nakodar
SCH0556,Govt. Middle School Dar,Amritsar,Unknown Block,261,Higher Secondary,Hindi,SCH0556,SCH0556,False,Amritsar,Amritsar,,Unknown Block
SCH0557,Govt. Senior Secondary School Raghavan,Ludhiana,Machhiwara,174,Higher Secondary,Punjabi,SCH0557,SCH0557,False,ludhiana,Ludhiana,Machhiwara,Machhiwara
SCH0558,Govt. Senior Secondary School Morar,Patiala,Rajpura,242,Upper Primary,English,SCH0558,SCH0558,False,Patiala,Patiala,Rajpura,Rajpura
SCH0559,Govt. Elementary School Bera,Ferozepur,Makhu,390,Primary,English,SCH0559,SCH0559,False,Ferozepur,Ferozepur,Makhu,Makhu
SCH0560,Govt. Senior Secondary School Rajagopalan,Patiala,Samana,216,Primary,Hindi,SCH0560,SCH0560,False,Patiala,Patiala,Samana,Samana
SCH0561,Govt. Middle School Mishra,Unknown District,Sunam,265,Upper Primary,Punjabi,SCH0561,SCH0561,False,,Unknown District,Sunam,Sunam
SCH0562,Govt. Middle School Andra,Amritsar,Unknown Block,164,Upper Primary,Punjabi,SCH0562,SCH0562,False,Amritsar,Amritsar,,Unknown Block
SCH0563,Govt. Senior Secondary School Nayak,Unknown District,Talwandi Sabo,281,Upper Primary,Hindi,SCH0563,SCH0563,False,,Unknown District,Talwandi Sabo,Talwandi Sabo
SCH0564,Govt. Primary School Nair,Bathinda,Talwandi Sabo,358,Upper Primary,Hindi,SCH0564,SCH0564,False,Bathinda,Bathinda,Talwandi Sabo,Talwandi Sabo
SCH0565,Govt. Middle School Kibe,Ludhiana,Unknown Block,127,Upper Primary,Punjabi,SCH0565,SCH0565,False,ludhiana,Ludhiana,,Unknown Block
SCH0566,Govt. Primary School Ramachandran,Amritsar,Tarn Taran,378,Secondary,Punjabi,SCH0566,SCH0566,False,Amritsar,Amritsar,Tarn Taran,Tarn Taran
SCH0567,Govt. Elementary School Sawhney,Patiala,Rajpura,300,Primary,Hindi,SCH0567,SCH0567,False,Patiala,Patiala,Rajpura,Rajpura
SCH0568,Govt. Primary School Zachariah,Amritsar,Unknown Block,141,Higher Secondary,Hindi,SCH0568,SCH0568,False,Amritsar,Amritsar,,Unknown Block
SCH0569,Govt. Middle School Gill,Bathinda,Rampura Phul,290,Upper Primary,English,SCH0569,SCH0569,False,Bathinda,Bathinda,Rampura Phul,Rampura Phul
SCH0570,Govt. Primary School Padmanabhan,Patiala,Samana,71,Higher Secondary,English,SCH0570,SCH0570,False,Patiala,Patiala,Samana,Samana
SCH0571,Govt. Elementary School Gaba,Patiala,Nabha,214,Upper Primary,Hindi,SCH0571,SCH0571,False,Patiala,Patiala,Nabha,Nabha
SCH0572,Govt. Middle School Dey,Patiala,Rajpura,163,Higher Secondary,Hindi,SCH0572,SCH0572,False,Patiala,Patiala,Rajpura,Rajpura
SCH0573,Govt. Middle School Thakkar,Patiala,Nabha,337,Upper Primary,Hindi,SCH0573,SCH0573,False,Patiala,Patiala,Nabha,Nabha
SCH0574,Govt. Primary School Deep,Jalandhar,Phillaur,434,Upper Primary,Hindi,SCH0574,SCH0574,False,Jalandhar,Jalandhar,Phillaur,Phillaur
SCH0575,Govt. Middle School Nair,Ludhiana,Doraha,251,Secondary,Hindi,SCH0575,SCH0575,False,Ludhiana,Ludhiana,Doraha,Doraha
SCH0576,Govt. Senior Secondary School Tripathi,Unknown District,Amritsar-Ii,134,Secondary,Hindi,SCH0576,SCH0576,False,,Unknown District,Amritsar-II,Amritsar-Ii
SCH0577,Govt. Elementary School Magar,Ludhiana,Doraha,80,Higher Secondary,English,SCH0577,SCH0577,False,Ludhiana,Ludhiana,Doraha,Doraha
SCH0578,Govt. Primary School Narasimhan,Jalandhar,Phillaur,291,Upper Primary,Punjabi,SCH0578,SCH0578,False,Jalandhar,Jalandhar,Phillaur,Phillaur
SCH0579,Govt. Primary School Puri,Bathinda,Talwandi Sabo,153,Upper Primary,Punjabi,SCH0579,SCH0579,False,Bathinda,Bathinda,Talwandi Sabo,Talwandi Sabo
SCH0580,Govt. Primary School Apte,Sangrur,Malerkotla,274,Higher Secondary,Punjabi,SCH0580,SCH0580,False,Sangrur,Sangrur,Malerkotla,Malerkotla
SCH0581,Govt. Elementary School Srivastava,Moga,Nihal Singh Wala,353,Primary,Punjabi,SCH0581,SCH0581,False,Moga,Moga,Nihal Singh Wala,Nihal Singh Wala
SCH0582,Govt. Primary School Tiwari,Unknown District,Rajpura,416,Higher Secondary,Punjabi,SCH0582,SCH0582,False,,Unknown District,Rajpura,Rajpura
SCH0583,Govt. Middle School Dara,Ferozepur,Makhu,436,Higher Secondary,Punjabi,SCH0583,SCH0583,False,Ferozepur,Ferozepur,Makhu,Makhu
SCH0584,Govt. Senior Secondary School Sahota,Jalandhar,Phillaur,370,Primary,English,SCH0584,SCH0584,False,Jalandhar,Jalandhar,Phillaur,Phillaur
SCH0585,Govt. Primary School Bala,Sangrur,Sangrur,131,Upper Primary,Hindi,SCH0585,SCH0585,False,Sangrur,Sangrur,Sangrur,Sangrur
SCH0586,Govt. Elementary School Tailor,Amritsar,Amritsar-I,98,Secondary,Hindi,SCH0586,SCH0586,False,Amritsar,Amritsar,Amritsar-I,Amritsar-I
SCH0587,Govt. Senior Secondary School Verma,Jalandhar,Phillaur,321,Upper Primary,Hindi,SCH0587,SCH0587,False,Jalandhar,Jalandhar,Phillaur,Phillaur
SCH0588,Govt. Senior Secondary School Sahota,Jalandhar,Jalandhar-I,254,Higher Secondary,Hindi,SCH0588,SCH0588,False,Jalandhar,Jalandhar,Jalandhar-I,Jalandhar-I
SCH0589,Govt. Elementary School Sarraf,Patiala,Patiala,358,Primary,Punjabi,SCH0589,SCH0589,False,Patiala,Patiala,Patiala,Patiala
SCH0590,Govt. Elementary School Khare,Sangrur,Unknown Block,151,Higher Secondary,Hindi,SCH0590,SCH0590,False,Sangrur,Sangrur,,Unknown Block
SCH0591,Govt. Senior Secondary School Anand,Ludhiana,Unknown Block,320,Upper Primary,English,SCH0591,SCH0591,False,Ludhiana,Ludhiana,,Unknown Block
SCH0592,Govt. Primary School Ray,Ludhiana,Unknown Block,56,Secondary,Punjabi,SCH0592,SCH0592,False,Ludhiana,Ludhiana,,Unknown Block
SCH0593,Govt. Middle School Iyer,Jalandhar,Jalandhar-Ii,384,Upper Primary,Punjabi,SCH0593,SCH0593,False,Jalandhar,Jalandhar,Jalandhar-II,Jalandhar-Ii
SCH0594,Govt. Primary School Murthy,Bathinda,Rampura Phul,228,Primary,Hindi,SCH0594,SCH0594,False,Bathinda,Bathinda,Rampura Phul,Rampura Phul
SCH0595,Govt. Primary School Char,Amritsar,Ajnala,208,Upper Primary,Hindi,SCH0595,SCH0595,False,Amritsar,Amritsar,Ajnala,Ajnala
SCH0596,Govt. Middle School Tank,Amritsar,Tarn Taran,410,Secondary,Hindi,SCH0596,SCH0596,False,Amritsar,Amritsar,Tarn Taran,Tarn Taran
SCH0597,Govt. Senior Secondary School Zacharia,Moga,Moga-Ii,354,Higher Secondary,Hindi,SCH0597,SCH0597,False,Moga,Moga,Moga-II,Moga-Ii
SCH0598,Govt. Primary School Warrior,Bathinda,Maur,40,Higher Secondary,Hindi,SCH0598,SCH0598,False,Bathinda,Bathinda,Maur,Maur
SCH0599,Govt. Senior Secondary School Vala,Ferozepur,Mamdot,63,Upper Primary,English,SCH0599,SCH0599,False,Ferozepur,Ferozepur,Mamdot,Mamdot
SCH0600,Govt. Primary School Sandhu,Amritsar,Ajnala,193,Secondary,English,SCH0600,SCH0600,False,Amritsar,Amritsar,Ajnala,Ajnala
